;Table name : Submm_mm_cont
;MariaDB types
;INT NOT NULL : ObjID,ID
;BOOLEAN NOT NULL DEFAULT 0 : UpperAS1,UpperAS2,UpperAS3,UpperAS4,UpperAS5,UpperAS6,UpperAS7
;FLOAT NOT NULL DEFAULT -99.0 :  Lambda1,Lambda2,Lambda3,Lambda4,Lambda5,Lambda6,Lambda7,F_density1, F_density2,F_density3,F_density4,F_density5,F_density6,F_density7,eF_density1,eF_density2,eF_density3,eF_density4,eF_density5,eF_density6,eF_density7,Peak_density1,Peak_density2,Peak_density3,Peak_density4,Peak_density5,Peak_density6,Peak_density7,ePeak_density1,ePeak_density2,ePeak_density3,ePeak_density4,ePeak_density5,ePeak_density6,ePeak_density7,IntegratedFlux1,IntegratedFlux2,IntegratedFlux3, IntegratedFlux4,IntegratedFlux5,IntegratedFlux6,IntegratedFlux7,eIntegratedFlux1,eIntegratedFlux2,eIntegratedFlux3,eIntegratedFlux4,eIntegratedFlux5,eIntegratedFlux6,eIntegratedFlux7,PABeam1,PABeam2,PABeam3,PABeam4,PABeam5,PABeam6,PABeam7,PASource1,PASource2,PASource3,PASource4,PASource5,PASource6,PASource7,AngularSize_Sourcex1,AngularSize_Sourcex2,AngularSize_Sourcex3,AngularSize_Sourcex4,AngularSize_Sourcex5,AngularSize_Sourcex6,AngularSize_Sourcex7,AngularSize_Sourcey1,AngularSize_Sourcey2,AngularSize_Sourcey3,AngularSize_Sourcey4,AngularSize_Sourcey5,AngularSize_Sourcey6,AngularSize_Sourcey7
;VARCHAR(30) NOT NULL DEFAULT 'N.A.' : Beam1,Beam2,Beam3,Beam4,Beam5,Beam6,Beam7,Instrument1,Instrument2,Instrument3,Instrument4,Instrument5,Instrument6,Instrument7
;VARCHAR(255) NOT NULL DEFAULT 'N.A.' : Pub_submm_cont1,Pub_submm_cont2,Pub_submm_cont3,Pub_submm_cont4,Pub_submm_cont5,Pub_submm_cont6,Pub_submm_cont7
;CONSTRAINT  PRIMARY KEY (ObjID)
;CONSTRAINT  FOREIGN KEY (ID) REFERENCES Identity(ID) ON DELETE CASCADE
;ObjID,Lambda1,F_density1,eF_density1,Peak_density1,ePeak_density1,IntegratedFlux1,eIntegratedFlux1,Beam1,PABeam1,AngularSize_Sourcex1,AngularSize_Sourcey1,UpperAS1,PASource1,Instrument1,Pub_submm_cont1,Lambda2,F_density2,eF_density2,Peak_density2,ePeak_density2,IntegratedFlux2,eIntegratedFlux2,Beam2,PABeam2,AngularSize_Sourcex2,AngularSize_Sourcey2,UpperAS2,PASource2,Instrument2,Pub_submm_cont2,Lambda3,F_density3,eF_density3,Peak_density3,ePeak_density3,IntegratedFlux3,eIntegratedFlux3,Beam3,PABeam3,AngularSize_Sourcex3,AngularSize_Sourcey3,UpperAS3,PASource3,Instrument3,Pub_submm_cont3,Lambda4,F_density4,eF_density4,Peak_density4,ePeak_density4,IntegratedFlux4,eIntegratedFlux4,Beam4,PABeam4,AngularSize_Sourcex4,AngularSize_Sourcey4,UpperAS4,PASource4,Instrument4,Pub_submm_cont4,Lambda5,F_density5,eF_density5,Peak_density5,ePeak_density5,IntegratedFlux5,eIntegratedFlux5,Beam5,PABeam5,AngularSize_Sourcex5,AngularSize_Sourcey5,UpperAS5,PASource5,Instrument5,Pub_submm_cont5,Lambda6,F_density6,eF_density6,Peak_density6,ePeak_density6,IntegratedFlux6,eIntegratedFlux6,Beam6,PABeam6,AngularSize_Sourcex6,AngularSize_Sourcey6,UpperAS6,PASource6,Instrument6,Pub_submm_cont6,Lambda7,F_density7,eF_density7,Peak_density7,ePeak_density7,IntegratedFlux7,eIntegratedFlux7,Beam7,PABeam7,AngularSize_Sourcex7,AngularSize_Sourcey7,UpperAS7,PASource7,Instrument7,Pub_submm_cont7,ID
0,350.0,3100.0,500.0,-99.0,-99.0,-99.0,-99.0,40,-99.0,-99.0,-99.0,0,-99.0,SHARC-II,Dunham et al 2008,850.0,183.0,6.0,-99.0,-99.0,-99.0,-99.0,14.6,-99.0,-99.0,-99.0,0.0,-99.0,SCUBA,Kim et al 2016,1100.0,210.0,70.0,106.0,16.0,230.0,80.0,31,-99.0,132.0,51.0,0,-7.0,Bolocam,Enoch et al 2006,3000.0,0.324,0.0054,0.324,0.0054,-99.0,-99.0,2.76x1.82,-99.0,-99.0,-99.0,0.0,-99.0,ALMA,Hsieh et al. 2018,-99.0,-99.0,-99.0,-99.0,-99.0,-99.0,-99.0,N.A.,-99.0,-99.0,-99.0,0.0,-99.0,N.A.,N.A.,-99.0,-99.0,-99.0,-99.0,-99.0,-99.0,-99.0,N.A.,-99.0,-99.0,-99.0,0.0,-99.0,N.A.,N.A.,-99.0,-99.0,-99.0,-99.0,-99.0,-99.0,-99.0,N.A.,-99.0,-99.0,-99.0,0.0,-99.0,N.A.,N.A.,0
1,350.0,1900.0,300.0,-99.0,-99.0,-99.0,-99.0,8.5,-99.0,-99.0,-99.0,0,-99.0,SHARC-II,Dunham et al 2008,850.0,234.0,11.0,-99.0,-99.0,-99.0,-99.0,14.6,-99.0,-99.0,-99.0,0.0,-99.0,SCUBA,Kim et al 2016,1100.0,290.0,20.0,189.0,15.0,290.0,20.0,31.,-99.0,56.0,51.0,0,-3.0,Bolocam,Enoch et al 2006,3000.0,0.233,0.0043,0.233,0.0043,-99.0,-99.0,2.75x1.83,-99.0,9.1,7.6,0.0,160.0,ALMA,Hsieh et al 2018,-99.0,-99.0,-99.0,-99.0,-99.0,-99.0,-99.0,N.A.,-99.0,-99.0,-99.0,0.0,-99.0,N.A.,N.A.,-99.0,-99.0,-99.0,-99.0,-99.0,-99.0,-99.0,N.A.,-99.0,-99.0,-99.0,0.0,-99.0,N.A.,N.A.,-99.0,-99.0,-99.0,-99.0,-99.0,-99.0,-99.0,N.A.,-99.0,-99.0,-99.0,0.0,-99.0,N.A.,N.A.,1
2,850.0,481.0,13.0,-99.0,-99.0,-99.0,-99.0,14.6,-99.0,-99.0,-99.0,0,-99.0,SCUBA,Kim et al 2016,1100.0,800.0,70.0,199.0,17.0,800.0,70.0,31,-99.0,80.0,65.0,0.0,-38.0,Bolocam,Enoch et al 2006,-99.0,-99.0,-99.0,-99.0,-99.0,-99.0,-99.0,N.A.,-99.0,-99.0,-99.0,0,-99.0,N.A.,N.A.,-99.0,-99.0,-99.0,-99.0,-99.0,-99.0,-99.0,N.A.,-99.0,-99.0,-99.0,0.0,-99.0,N.A.,N.A.,-99.0,-99.0,-99.0,-99.0,-99.0,-99.0,-99.0,N.A.,-99.0,-99.0,-99.0,0.0,-99.0,N.A.,N.A.,-99.0,-99.0,-99.0,-99.0,-99.0,-99.0,-99.0,N.A.,-99.0,-99.0,-99.0,0.0,-99.0,N.A.,N.A.,-99.0,-99.0,-99.0,-99.0,-99.0,-99.0,-99.0,N.A.,-99.0,-99.0,-99.0,0.0,-99.0,N.A.,N.A.,2
3,870.0,110.0,20.0,113.0,17.0,110.0,20.0,2.8x2.3,-99.0,1.4,1.1,0,-99.0,SMA,Palau et al. 2014,1300.0,65.0,15.0,-99.0,-99.0,-99.0,-99.0,3.3x3.0,-99.0,4.4,2.6,1.0,-99.0,SMA,Palau et al. 2014,-99.0,-99.0,-99.0,-99.0,-99.0,-99.0,-99.0,N.A.,-99.0,-99.0,-99.0,0,-99.0,N.A.,N.A.,-99.0,-99.0,-99.0,-99.0,-99.0,-99.0,-99.0,N.A.,-99.0,-99.0,-99.0,0.0,-99.0,N.A.,N.A.,-99.0,-99.0,-99.0,-99.0,-99.0,-99.0,-99.0,N.A.,-99.0,-99.0,-99.0,0.0,-99.0,N.A.,N.A.,-99.0,-99.0,-99.0,-99.0,-99.0,-99.0,-99.0,N.A.,-99.0,-99.0,-99.0,0.0,-99.0,N.A.,N.A.,-99.0,-99.0,-99.0,-99.0,-99.0,-99.0,-99.0,N.A.,-99.0,-99.0,-99.0,0.0,-99.0,N.A.,N.A.,3
5,850.0,63.0,5.0,-99.0,-99.0,-99.0,-99.0,14.6,-99.0,-99.0,-99.0,0,-99.0,SCUBA,Kim et al 2016,-99.0,-99.0,-99.0,-99.0,-99.0,-99.0,-99.0,N.A.,-99.0,-99.0,-99.0,0.0,-99.0,N.A.,N.A.,-99.0,-99.0,-99.0,-99.0,-99.0,-99.0,-99.0,N.A.,-99.0,-99.0,-99.0,0,-99.0,N.A.,N.A.,-99.0,-99.0,-99.0,-99.0,-99.0,-99.0,-99.0,N.A.,-99.0,-99.0,-99.0,0.0,-99.0,N.A.,N.A.,-99.0,-99.0,-99.0,-99.0,-99.0,-99.0,-99.0,N.A.,-99.0,-99.0,-99.0,0.0,-99.0,N.A.,N.A.,-99.0,-99.0,-99.0,-99.0,-99.0,-99.0,-99.0,N.A.,-99.0,-99.0,-99.0,0.0,-99.0,N.A.,N.A.,-99.0,-99.0,-99.0,-99.0,-99.0,-99.0,-99.0,N.A.,-99.0,-99.0,-99.0,0.0,-99.0,N.A.,N.A.,5
7,350.0,5000.0,800.0,1600.0,800.0,5000.0,800.0,8.5,-99.0,19.0,14.0,0,67.0,SHARC-II,Wu et al 2007,450.0,10000.0,2000.0,-99.0,-99.0,-99.0,-99.0,8,-99.0,-99.0,-99.0,0.0,-99.0,SCUBA,Andre et al 1999,850.0,2500.0,500.0,-99.0,-99.0,-99.0,-99.0,14,-99.0,-99.0,-99.0,0,-99.0,SCUBA,Andre et al 1999,850.0,664.0,14.0,-99.0,-99.0,-99.0,-99.0,14.6,-99.0,-99.0,-99.0,0.0,-99.0,SCUBA-2,Kim et al 2016,1300.0,650.0,65.0,-99.0,-99.0,-99.0,-99.0,60,-99.0,-99.0,-99.0,0.0,-99.0,SCUBA,Andre et al 1999,-99.0,-99.0,-99.0,-99.0,-99.0,-99.0,-99.0,N.A.,-99.0,-99.0,-99.0,0.0,-99.0,N.A.,N.A.,-99.0,-99.0,-99.0,-99.0,-99.0,-99.0,-99.0,N.A.,-99.0,-99.0,-99.0,0.0,-99.0,N.A.,N.A.,7
8,350.0,10900.0,3500.0,1800.0,400.0,-99.0,-99.0,10,-99.0,31.8,31.8,1,-99.0,SHARC-II,Suresh et al 2016,450.0,7000.0,1800.0,3170.0,350.0,12400.0,2400.0,8.5,-99.0,-99.0,-99.0,0.0,-99.0,SCUBA,Kirk et al 2005,850.0,1500.0,500.0,406.0,26.0,3230.0,230.0,14,-99.0,-99.0,-99.0,0,-99.0,SCUBA,Kirk et al 2005,1200.0,600.0,150.0,66.0,2.0,5780.0,90.0,11,-99.0,51.0,36.0,0.0,172.0,MAMBO,Kauffman et al 2008,1300.0,11.0,-99.0,6.8,1.3,-99.0,-99.0,4.8x4.4,-99.0,-99.0,-99.0,0.0,-99.0,SMA,Takahashi et al 2013,-99.0,-99.0,-99.0,-99.0,-99.0,-99.0,-99.0,N.A.,-99.0,-99.0,-99.0,0.0,-99.0,N.A.,N.A.,-99.0,-99.0,-99.0,-99.0,-99.0,-99.0,-99.0,N.A.,-99.0,-99.0,-99.0,0.0,-99.0,N.A.,N.A.,8
9,850.0,188.0,7.0,-99.0,-99.0,-99.0,-99.0,14.6,-99.0,-99.0,-99.0,0,-99.0,SCUBA-2,Kim et al 2016,-99.0,-99.0,-99.0,-99.0,-99.0,-99.0,-99.0,N.A.,-99.0,-99.0,-99.0,0.0,-99.0,N.A.,N.A.,-99.0,-99.0,-99.0,-99.0,-99.0,-99.0,-99.0,N.A.,-99.0,-99.0,-99.0,0,-99.0,N.A.,N.A.,-99.0,-99.0,-99.0,-99.0,-99.0,-99.0,-99.0,N.A.,-99.0,-99.0,-99.0,0.0,-99.0,N.A.,N.A.,-99.0,-99.0,-99.0,-99.0,-99.0,-99.0,-99.0,N.A.,-99.0,-99.0,-99.0,0.0,-99.0,N.A.,N.A.,-99.0,-99.0,-99.0,-99.0,-99.0,-99.0,-99.0,N.A.,-99.0,-99.0,-99.0,0.0,-99.0,N.A.,N.A.,-99.0,-99.0,-99.0,-99.0,-99.0,-99.0,-99.0,N.A.,-99.0,-99.0,-99.0,0.0,-99.0,N.A.,N.A.,9
10,850.0,35.0,4.0,-99.0,-99.0,-99.0,-99.0,14.6,-99.0,-99.0,-99.0,0,-99.0,SCUBA,Kim et al 2016,1300.0,-99.0,-99.0,-99.0,-99.0,50.0,12.0,12,-99.0,-99.0,-99.0,0.0,-99.0,MAMBO,Andre&Montmerle94,-99.0,-99.0,-99.0,-99.0,-99.0,-99.0,-99.0,N.A.,-99.0,-99.0,-99.0,0,-99.0,N.A.,N.A.,-99.0,-99.0,-99.0,-99.0,-99.0,-99.0,-99.0,N.A.,-99.0,-99.0,-99.0,0.0,-99.0,N.A.,N.A.,-99.0,-99.0,-99.0,-99.0,-99.0,-99.0,-99.0,N.A.,-99.0,-99.0,-99.0,0.0,-99.0,N.A.,N.A.,-99.0,-99.0,-99.0,-99.0,-99.0,-99.0,-99.0,N.A.,-99.0,-99.0,-99.0,0.0,-99.0,N.A.,N.A.,-99.0,-99.0,-99.0,-99.0,-99.0,-99.0,-99.0,N.A.,-99.0,-99.0,-99.0,0.0,-99.0,N.A.,N.A.,10
11,850.0,1069.0,100.0,-99.0,-99.0,-99.0,-99.0,14.6,-99.0,-99.0,-99.0,0,-99.0,SCUBA-2,Kim et al 2016,1100.0,1140.0,100.0,0.23,0.03,1620.0,140.0,31,-99.0,132.0,108.0,0.0,84.0,Bolocam,Young et al 2006,1200.0,-99.0,-99.0,121.0,0.0,411.0,121.0,24,-99.0,53.0,43.0,0,21.0,SIMBA,Stanke et al 2006,1300.0,-99.0,-99.0,16.7,-99.0,37.7,0.15,5.0x4.6,-99.0,3.4,2.3,0.0,3.6,SMA,Hsieh et al 2016,6900.0,-99.0,-99.0,16.7,-99.0,0.158,0.01,0.8x0.6,-99.0,0.8,0.6,1.0,-99.0,JVLA,Hsieh et al 2016,-99.0,-99.0,-99.0,-99.0,-99.0,-99.0,-99.0,N.A.,-99.0,-99.0,-99.0,0.0,-99.0,N.A.,N.A.,-99.0,-99.0,-99.0,-99.0,-99.0,-99.0,-99.0,N.A.,-99.0,-99.0,-99.0,0.0,-99.0,N.A.,N.A.,11
12,450.0,1100.0,400.0,500.0,100.0,-99.0,-99.0,11,-99.0,19.0,11.0,0,-56.9,SHARC-II,Wu et al 2007,850.0,782.0,13.0,-99.0,-99.0,-99.0,-99.0,14.6,-99.0,-99.0,-99.0,0.0,-99.0,SCUBA2,Kim et al 2016,-99.0,-99.0,-99.0,-99.0,-99.0,-99.0,-99.0,N.A.,-99.0,-99.0,-99.0,0,-99.0,N.A.,N.A.,-99.0,-99.0,-99.0,-99.0,-99.0,-99.0,-99.0,N.A.,-99.0,-99.0,-99.0,0.0,-99.0,N.A.,N.A.,-99.0,-99.0,-99.0,-99.0,-99.0,-99.0,-99.0,N.A.,-99.0,-99.0,-99.0,0.0,-99.0,N.A.,N.A.,-99.0,-99.0,-99.0,-99.0,-99.0,-99.0,-99.0,N.A.,-99.0,-99.0,-99.0,0.0,-99.0,N.A.,N.A.,-99.0,-99.0,-99.0,-99.0,-99.0,-99.0,-99.0,N.A.,-99.0,-99.0,-99.0,0.0,-99.0,N.A.,N.A.,12
13,350.0,3200.0,950.0,900.0,200.0,-99.0,-99.0,8.5,-99.0,-99.0,-99.0,0,-99.0,SHARC-II,Wu et al 2007,850.0,40.0,11.0,-99.0,-99.0,-99.0,-99.0,14.6,-99.0,-99.0,-99.0,0.0,-99.0,SCUBA-2,Kim et al 2016,1200.0,240.0,0.0,-99.0,-99.0,-99.0,-99.0,11,-99.0,-99.0,-99.0,0,-99.0,MAMBO,Kim et al 2016,1300.0,11.4,0.22,6.43,0.09,11.4,0.22,0.54x0.33,101.2,0.4,0.17,0.0,106.5,ALMA.,Lee et al 2018,-99.0,-99.0,-99.0,-99.0,-99.0,-99.0,-99.0,N.A.,-99.0,-99.0,-99.0,0.0,-99.0,N.A.,N.A.,-99.0,-99.0,-99.0,-99.0,-99.0,-99.0,-99.0,N.A.,-99.0,-99.0,-99.0,0.0,-99.0,N.A.,N.A.,-99.0,-99.0,-99.0,-99.0,-99.0,-99.0,-99.0,N.A.,-99.0,-99.0,-99.0,0.0,-99.0,N.A.,N.A.,13
15,850.0,11.0,3.0,-99.0,-99.0,-99.0,-99.0,14.6,-99.0,-99.0,-99.0,0,-99.0,SCUBA-2,Kim et al 2016,-99.0,-99.0,-99.0,-99.0,-99.0,-99.0,-99.0,N.A.,-99.0,-99.0,-99.0,0.0,-99.0,N.A.,N.A.,-99.0,-99.0,-99.0,-99.0,-99.0,-99.0,-99.0,N.A.,-99.0,-99.0,-99.0,0,-99.0,N.A.,N.A.,-99.0,-99.0,-99.0,-99.0,-99.0,-99.0,-99.0,N.A.,-99.0,-99.0,-99.0,0.0,-99.0,N.A.,N.A.,-99.0,-99.0,-99.0,-99.0,-99.0,-99.0,-99.0,N.A.,-99.0,-99.0,-99.0,0.0,-99.0,N.A.,N.A.,-99.0,-99.0,-99.0,-99.0,-99.0,-99.0,-99.0,N.A.,-99.0,-99.0,-99.0,0.0,-99.0,N.A.,N.A.,-99.0,-99.0,-99.0,-99.0,-99.0,-99.0,-99.0,N.A.,-99.0,-99.0,-99.0,0.0,-99.0,N.A.,N.A.,15
16,850.0,308.0,12.0,-99.0,-99.0,-99.0,-99.0,14.6,-99.0,-99.0,-99.0,0,-99.0,SCUBA-2,Kim et al 2016,-99.0,-99.0,-99.0,-99.0,-99.0,-99.0,-99.0,N.A.,-99.0,-99.0,-99.0,0.0,-99.0,N.A.,N.A.,-99.0,-99.0,-99.0,-99.0,-99.0,-99.0,-99.0,N.A.,-99.0,-99.0,-99.0,0,-99.0,N.A.,N.A.,-99.0,-99.0,-99.0,-99.0,-99.0,-99.0,-99.0,N.A.,-99.0,-99.0,-99.0,0.0,-99.0,N.A.,N.A.,-99.0,-99.0,-99.0,-99.0,-99.0,-99.0,-99.0,N.A.,-99.0,-99.0,-99.0,0.0,-99.0,N.A.,N.A.,-99.0,-99.0,-99.0,-99.0,-99.0,-99.0,-99.0,N.A.,-99.0,-99.0,-99.0,0.0,-99.0,N.A.,N.A.,-99.0,-99.0,-99.0,-99.0,-99.0,-99.0,-99.0,N.A.,-99.0,-99.0,-99.0,0.0,-99.0,N.A.,N.A.,16
20,850.0,45.0,8.0,-99.0,-99.0,-99.0,-99.0,14.6,-99.0,-99.0,-99.0,0,-99.0,SCUBA-2,Kim et al 2016,-99.0,-99.0,-99.0,-99.0,-99.0,-99.0,-99.0,N.A.,-99.0,-99.0,-99.0,0.0,-99.0,N.A.,N.A.,-99.0,-99.0,-99.0,-99.0,-99.0,-99.0,-99.0,N.A.,-99.0,-99.0,-99.0,0,-99.0,N.A.,N.A.,-99.0,-99.0,-99.0,-99.0,-99.0,-99.0,-99.0,N.A.,-99.0,-99.0,-99.0,0.0,-99.0,N.A.,N.A.,-99.0,-99.0,-99.0,-99.0,-99.0,-99.0,-99.0,N.A.,-99.0,-99.0,-99.0,0.0,-99.0,N.A.,N.A.,-99.0,-99.0,-99.0,-99.0,-99.0,-99.0,-99.0,N.A.,-99.0,-99.0,-99.0,0.0,-99.0,N.A.,N.A.,-99.0,-99.0,-99.0,-99.0,-99.0,-99.0,-99.0,N.A.,-99.0,-99.0,-99.0,0.0,-99.0,N.A.,N.A.,20
21,850.0,45.0,8.0,-99.0,-99.0,-99.0,-99.0,14.6,-99.0,-99.0,-99.0,0,-99.0,SCUBA-2,Kim et al 2016,-99.0,-99.0,-99.0,-99.0,-99.0,-99.0,-99.0,N.A.,-99.0,-99.0,-99.0,0.0,-99.0,N.A.,N.A.,-99.0,-99.0,-99.0,-99.0,-99.0,-99.0,-99.0,N.A.,-99.0,-99.0,-99.0,0,-99.0,N.A.,N.A.,-99.0,-99.0,-99.0,-99.0,-99.0,-99.0,-99.0,N.A.,-99.0,-99.0,-99.0,0.0,-99.0,N.A.,N.A.,-99.0,-99.0,-99.0,-99.0,-99.0,-99.0,-99.0,N.A.,-99.0,-99.0,-99.0,0.0,-99.0,N.A.,N.A.,-99.0,-99.0,-99.0,-99.0,-99.0,-99.0,-99.0,N.A.,-99.0,-99.0,-99.0,0.0,-99.0,N.A.,N.A.,-99.0,-99.0,-99.0,-99.0,-99.0,-99.0,-99.0,N.A.,-99.0,-99.0,-99.0,0.0,-99.0,N.A.,N.A.,21
22,850.0,498.0,14.0,-99.0,-99.0,-99.0,-99.0,14.6,-99.0,-99.0,-99.0,0,-99.0,SCUBA-2,Kim et al 2016,-99.0,-99.0,-99.0,-99.0,-99.0,-99.0,-99.0,N.A.,-99.0,-99.0,-99.0,0.0,-99.0,N.A.,N.A.,-99.0,-99.0,-99.0,-99.0,-99.0,-99.0,-99.0,N.A.,-99.0,-99.0,-99.0,0,-99.0,N.A.,N.A.,-99.0,-99.0,-99.0,-99.0,-99.0,-99.0,-99.0,N.A.,-99.0,-99.0,-99.0,0.0,-99.0,N.A.,N.A.,-99.0,-99.0,-99.0,-99.0,-99.0,-99.0,-99.0,N.A.,-99.0,-99.0,-99.0,0.0,-99.0,N.A.,N.A.,-99.0,-99.0,-99.0,-99.0,-99.0,-99.0,-99.0,N.A.,-99.0,-99.0,-99.0,0.0,-99.0,N.A.,N.A.,-99.0,-99.0,-99.0,-99.0,-99.0,-99.0,-99.0,N.A.,-99.0,-99.0,-99.0,0.0,-99.0,N.A.,N.A.,22
23,850.0,290.0,42.0,-99.0,-99.0,-99.0,-99.0,14.6,-99.0,-99.0,-99.0,0,-99.0,SCUBA-2,Kim et al 2016,-99.0,-99.0,-99.0,-99.0,-99.0,-99.0,-99.0,N.A.,-99.0,-99.0,-99.0,0.0,-99.0,N.A.,N.A.,-99.0,-99.0,-99.0,-99.0,-99.0,-99.0,-99.0,N.A.,-99.0,-99.0,-99.0,0,-99.0,N.A.,N.A.,-99.0,-99.0,-99.0,-99.0,-99.0,-99.0,-99.0,N.A.,-99.0,-99.0,-99.0,0.0,-99.0,N.A.,N.A.,-99.0,-99.0,-99.0,-99.0,-99.0,-99.0,-99.0,N.A.,-99.0,-99.0,-99.0,0.0,-99.0,N.A.,N.A.,-99.0,-99.0,-99.0,-99.0,-99.0,-99.0,-99.0,N.A.,-99.0,-99.0,-99.0,0.0,-99.0,N.A.,N.A.,-99.0,-99.0,-99.0,-99.0,-99.0,-99.0,-99.0,N.A.,-99.0,-99.0,-99.0,0.0,-99.0,N.A.,N.A.,23
24,850.0,127.0,12.0,-99.0,-99.0,-99.0,-99.0,14.6,-99.0,-99.0,-99.0,0,-99.0,SCUBA-2,Kim et al 2016,-99.0,-99.0,-99.0,-99.0,-99.0,-99.0,-99.0,N.A.,-99.0,-99.0,-99.0,0.0,-99.0,N.A.,N.A.,-99.0,-99.0,-99.0,-99.0,-99.0,-99.0,-99.0,N.A.,-99.0,-99.0,-99.0,0,-99.0,N.A.,N.A.,-99.0,-99.0,-99.0,-99.0,-99.0,-99.0,-99.0,N.A.,-99.0,-99.0,-99.0,0.0,-99.0,N.A.,N.A.,-99.0,-99.0,-99.0,-99.0,-99.0,-99.0,-99.0,N.A.,-99.0,-99.0,-99.0,0.0,-99.0,N.A.,N.A.,-99.0,-99.0,-99.0,-99.0,-99.0,-99.0,-99.0,N.A.,-99.0,-99.0,-99.0,0.0,-99.0,N.A.,N.A.,-99.0,-99.0,-99.0,-99.0,-99.0,-99.0,-99.0,N.A.,-99.0,-99.0,-99.0,0.0,-99.0,N.A.,N.A.,25
34,350.0,2000.0,700.0,500.0,100.0,-99.0,-99.0,10,-99.0,7.8,7.8,0,-99.0,SHARC-II,Suresh et al 2016,450.0,1100.0,400.0,500.0,100.0,-99.0,-99.0,11,-99.0,15.0,13.0,0.0,76.2,SHARC-II,Wu et al 2007,1200.0,480.0,26.0,26.0,2.0,2310.0,50.0,11,-99.0,36.0,22.5,0,90.0,MAMBO,Kauffman et al 2008,2725.0,-99.0,-99.0,0.14,5.0E-4,-99.0,-99.0,1.88x1.66,-99.0,2.5,1.2,0.0,165.0,ALMA,Hsieh et al 2018,-99.0,-99.0,-99.0,-99.0,-99.0,-99.0,-99.0,N.A.,-99.0,-99.0,-99.0,0.0,-99.0,N.A.,N.A.,-99.0,-99.0,-99.0,-99.0,-99.0,-99.0,-99.0,N.A.,-99.0,-99.0,-99.0,0.0,-99.0,N.A.,N.A.,-99.0,-99.0,-99.0,-99.0,-99.0,-99.0,-99.0,N.A.,-99.0,-99.0,-99.0,0.0,-99.0,N.A.,N.A.,34
35,350.0,608.0,0.0,-99.0,-99.0,-99.0,-99.0,9,-99.0,-99.0,-99.0,0,-99.0,SHARC-II,Kauffman et al 2011,850.0,159.0,0.0,-99.0,-99.0,-99.0,-99.0,14,-99.0,-99.0,-99.0,0.0,-99.0,SCUBA,Kauffman et al 2011,1200.0,170.0,35.0,9.0,1.0,770.0,30.0,11,-99.0,71.0,15.0,0,45.0,MAMBO,Kauffman et al 2008,-99.0,-99.0,-99.0,-99.0,-99.0,-99.0,-99.0,N.A.,-99.0,-99.0,-99.0,0.0,-99.0,N.A.,N.A.,-99.0,-99.0,-99.0,-99.0,-99.0,-99.0,-99.0,N.A.,-99.0,-99.0,-99.0,0.0,-99.0,N.A.,N.A.,-99.0,-99.0,-99.0,-99.0,-99.0,-99.0,-99.0,N.A.,-99.0,-99.0,-99.0,0.0,-99.0,N.A.,N.A.,-99.0,-99.0,-99.0,-99.0,-99.0,-99.0,-99.0,N.A.,-99.0,-99.0,-99.0,0.0,-99.0,N.A.,N.A.,35
37,850.0,30.0,4.0,-99.0,-99.0,-99.0,-99.0,14.6,-99.0,-99.0,-99.0,0,-99.0,SCUBA-2,Kim et al 2016,-99.0,-99.0,-99.0,-99.0,-99.0,-99.0,-99.0,N.A.,-99.0,-99.0,-99.0,0.0,-99.0,N.A.,N.A.,-99.0,-99.0,-99.0,-99.0,-99.0,-99.0,-99.0,N.A.,-99.0,-99.0,-99.0,0,-99.0,N.A.,N.A.,-99.0,-99.0,-99.0,-99.0,-99.0,-99.0,-99.0,N.A.,-99.0,-99.0,-99.0,0.0,-99.0,N.A.,N.A.,-99.0,-99.0,-99.0,-99.0,-99.0,-99.0,-99.0,N.A.,-99.0,-99.0,-99.0,0.0,-99.0,N.A.,N.A.,-99.0,-99.0,-99.0,-99.0,-99.0,-99.0,-99.0,N.A.,-99.0,-99.0,-99.0,0.0,-99.0,N.A.,N.A.,-99.0,-99.0,-99.0,-99.0,-99.0,-99.0,-99.0,N.A.,-99.0,-99.0,-99.0,0.0,-99.0,N.A.,N.A.,37
38,450.0,21500.0,16100.0,1070.0,230.0,-99.0,-99.0,8.,-99.0,-99.0,-99.0,0,-99.0,SCUBA,Young et al 2004,850.0,1800.0,400.0,160.0,30.0,-99.0,-99.0,14.,-99.0,-99.0,-99.0,0.0,-99.0,SCUBA,Young et al 2004,1200.0,630.0,326.0,23.0,5.0,-99.0,-99.0,11,-99.0,-99.0,-99.0,0,-99.0,MAMBO,Young et al 2004,-99.0,-99.0,-99.0,-99.0,-99.0,-99.0,-99.0,N.A.,-99.0,-99.0,-99.0,0.0,-99.0,N.A.,N.A.,-99.0,-99.0,-99.0,-99.0,-99.0,-99.0,-99.0,N.A.,-99.0,-99.0,-99.0,0.0,-99.0,N.A.,N.A.,-99.0,-99.0,-99.0,-99.0,-99.0,-99.0,-99.0,N.A.,-99.0,-99.0,-99.0,0.0,-99.0,N.A.,N.A.,-99.0,-99.0,-99.0,-99.0,-99.0,-99.0,-99.0,N.A.,-99.0,-99.0,-99.0,0.0,-99.0,N.A.,N.A.,38
41,850.0,70.0,4.0,-99.0,-99.0,-99.0,-99.0,14.6,-99.0,-99.0,-99.0,0,-99.0,SCUBA-2,Kim et al 2016,-99.0,-99.0,-99.0,-99.0,-99.0,-99.0,-99.0,N.A.,-99.0,-99.0,-99.0,0.0,-99.0,N.A.,N.A.,-99.0,-99.0,-99.0,-99.0,-99.0,-99.0,-99.0,N.A.,-99.0,-99.0,-99.0,0,-99.0,N.A.,N.A.,-99.0,-99.0,-99.0,-99.0,-99.0,-99.0,-99.0,N.A.,-99.0,-99.0,-99.0,0.0,-99.0,N.A.,N.A.,-99.0,-99.0,-99.0,-99.0,-99.0,-99.0,-99.0,N.A.,-99.0,-99.0,-99.0,0.0,-99.0,N.A.,N.A.,-99.0,-99.0,-99.0,-99.0,-99.0,-99.0,-99.0,N.A.,-99.0,-99.0,-99.0,0.0,-99.0,N.A.,N.A.,-99.0,-99.0,-99.0,-99.0,-99.0,-99.0,-99.0,N.A.,-99.0,-99.0,-99.0,0.0,-99.0,N.A.,N.A.,41
43,350.0,3800.0,600.0,1900.0,300.0,3800.0,600.0,8.5,-99.0,18.0,11.0,1,44.2,SHARC-II,Wu et al 2007,1200.0,198.0,5.0,45.0,1.0,198.0,5.0,11,-99.0,-99.0,-99.0,0.0,-99.0,MAMBO,Kauffman et al 2008,-99.0,-99.0,-99.0,-99.0,-99.0,-99.0,-99.0,N.A.,-99.0,-99.0,-99.0,0,-99.0,N.A.,N.A.,-99.0,-99.0,-99.0,-99.0,-99.0,-99.0,-99.0,N.A.,-99.0,-99.0,-99.0,0.0,-99.0,N.A.,N.A.,-99.0,-99.0,-99.0,-99.0,-99.0,-99.0,-99.0,N.A.,-99.0,-99.0,-99.0,0.0,-99.0,N.A.,N.A.,-99.0,-99.0,-99.0,-99.0,-99.0,-99.0,-99.0,N.A.,-99.0,-99.0,-99.0,0.0,-99.0,N.A.,N.A.,-99.0,-99.0,-99.0,-99.0,-99.0,-99.0,-99.0,N.A.,-99.0,-99.0,-99.0,0.0,-99.0,N.A.,N.A.,43
53,850.0,130.0,10.0,-99.0,-99.0,-99.0,-99.0,14.6,-99.0,-99.0,-99.0,0,-99.0,SCUBA-2,Kim et al 2016,-99.0,-99.0,-99.0,-99.0,-99.0,-99.0,-99.0,N.A.,-99.0,-99.0,-99.0,0.0,-99.0,N.A.,N.A.,-99.0,-99.0,-99.0,-99.0,-99.0,-99.0,-99.0,N.A.,-99.0,-99.0,-99.0,0,-99.0,N.A.,N.A.,-99.0,-99.0,-99.0,-99.0,-99.0,-99.0,-99.0,N.A.,-99.0,-99.0,-99.0,0.0,-99.0,N.A.,N.A.,-99.0,-99.0,-99.0,-99.0,-99.0,-99.0,-99.0,N.A.,-99.0,-99.0,-99.0,0.0,-99.0,N.A.,N.A.,-99.0,-99.0,-99.0,-99.0,-99.0,-99.0,-99.0,N.A.,-99.0,-99.0,-99.0,0.0,-99.0,N.A.,N.A.,-99.0,-99.0,-99.0,-99.0,-99.0,-99.0,-99.0,N.A.,-99.0,-99.0,-99.0,0.0,-99.0,N.A.,N.A.,53
56,850.0,157.0,9.0,-99.0,-99.0,-99.0,-99.0,14.6,-99.0,-99.0,-99.0,0,-99.0,SCUBA-2,Kim et al 2016,-99.0,-99.0,-99.0,-99.0,-99.0,-99.0,-99.0,N.A.,-99.0,-99.0,-99.0,0.0,-99.0,N.A.,N.A.,-99.0,-99.0,-99.0,-99.0,-99.0,-99.0,-99.0,N.A.,-99.0,-99.0,-99.0,0,-99.0,N.A.,N.A.,-99.0,-99.0,-99.0,-99.0,-99.0,-99.0,-99.0,N.A.,-99.0,-99.0,-99.0,0.0,-99.0,N.A.,N.A.,-99.0,-99.0,-99.0,-99.0,-99.0,-99.0,-99.0,N.A.,-99.0,-99.0,-99.0,0.0,-99.0,N.A.,N.A.,-99.0,-99.0,-99.0,-99.0,-99.0,-99.0,-99.0,N.A.,-99.0,-99.0,-99.0,0.0,-99.0,N.A.,N.A.,-99.0,-99.0,-99.0,-99.0,-99.0,-99.0,-99.0,N.A.,-99.0,-99.0,-99.0,0.0,-99.0,N.A.,N.A.,56
61,1200.0,290.0,40.0,-99.0,-99.0,-99.0,-99.0,11,-99.0,-99.0,-99.0,0,-99.0,MAMBO,Dunham et al 2008,-99.0,-99.0,-99.0,-99.0,-99.0,-99.0,-99.0,N.A.,-99.0,-99.0,-99.0,0.0,-99.0,N.A.,N.A.,-99.0,-99.0,-99.0,-99.0,-99.0,-99.0,-99.0,N.A.,-99.0,-99.0,-99.0,0,-99.0,N.A.,N.A.,-99.0,-99.0,-99.0,-99.0,-99.0,-99.0,-99.0,N.A.,-99.0,-99.0,-99.0,0.0,-99.0,N.A.,N.A.,-99.0,-99.0,-99.0,-99.0,-99.0,-99.0,-99.0,N.A.,-99.0,-99.0,-99.0,0.0,-99.0,N.A.,N.A.,-99.0,-99.0,-99.0,-99.0,-99.0,-99.0,-99.0,N.A.,-99.0,-99.0,-99.0,0.0,-99.0,N.A.,N.A.,-99.0,-99.0,-99.0,-99.0,-99.0,-99.0,-99.0,N.A.,-99.0,-99.0,-99.0,0.0,-99.0,N.A.,N.A.,61
77,1200.0,350.0,10.0,-99.0,-99.0,-99.0,-99.0,11,-99.0,-99.0,-99.0,0,-99.0,MAMBO,Dunham et al 2015,-99.0,-99.0,-99.0,-99.0,-99.0,-99.0,-99.0,N.A.,-99.0,-99.0,-99.0,0.0,-99.0,N.A.,N.A.,-99.0,-99.0,-99.0,-99.0,-99.0,-99.0,-99.0,N.A.,-99.0,-99.0,-99.0,0,-99.0,N.A.,N.A.,-99.0,-99.0,-99.0,-99.0,-99.0,-99.0,-99.0,N.A.,-99.0,-99.0,-99.0,0.0,-99.0,N.A.,N.A.,-99.0,-99.0,-99.0,-99.0,-99.0,-99.0,-99.0,N.A.,-99.0,-99.0,-99.0,0.0,-99.0,N.A.,N.A.,-99.0,-99.0,-99.0,-99.0,-99.0,-99.0,-99.0,N.A.,-99.0,-99.0,-99.0,0.0,-99.0,N.A.,N.A.,-99.0,-99.0,-99.0,-99.0,-99.0,-99.0,-99.0,N.A.,-99.0,-99.0,-99.0,0.0,-99.0,N.A.,N.A.,77
81,850.0,13.0,2.0,-99.0,-99.0,-99.0,-99.0,14.6,-99.0,-99.0,-99.0,0,-99.0,SCUBA-2,Kim et al 2016,-99.0,-99.0,-99.0,-99.0,-99.0,-99.0,-99.0,N.A.,-99.0,-99.0,-99.0,0.0,-99.0,N.A.,N.A.,-99.0,-99.0,-99.0,-99.0,-99.0,-99.0,-99.0,N.A.,-99.0,-99.0,-99.0,0,-99.0,N.A.,N.A.,-99.0,-99.0,-99.0,-99.0,-99.0,-99.0,-99.0,N.A.,-99.0,-99.0,-99.0,0.0,-99.0,N.A.,N.A.,-99.0,-99.0,-99.0,-99.0,-99.0,-99.0,-99.0,N.A.,-99.0,-99.0,-99.0,0.0,-99.0,N.A.,N.A.,-99.0,-99.0,-99.0,-99.0,-99.0,-99.0,-99.0,N.A.,-99.0,-99.0,-99.0,0.0,-99.0,N.A.,N.A.,-99.0,-99.0,-99.0,-99.0,-99.0,-99.0,-99.0,N.A.,-99.0,-99.0,-99.0,0.0,-99.0,N.A.,N.A.,81
82,850.0,61.0,8.0,-99.0,-99.0,-99.0,-99.0,14.6,-99.0,-99.0,-99.0,0,-99.0,SCUBA-2,Kim et al 2016,-99.0,-99.0,-99.0,-99.0,-99.0,-99.0,-99.0,N.A.,-99.0,-99.0,-99.0,0.0,-99.0,N.A.,N.A.,-99.0,-99.0,-99.0,-99.0,-99.0,-99.0,-99.0,N.A.,-99.0,-99.0,-99.0,0,-99.0,N.A.,N.A.,-99.0,-99.0,-99.0,-99.0,-99.0,-99.0,-99.0,N.A.,-99.0,-99.0,-99.0,0.0,-99.0,N.A.,N.A.,-99.0,-99.0,-99.0,-99.0,-99.0,-99.0,-99.0,N.A.,-99.0,-99.0,-99.0,0.0,-99.0,N.A.,N.A.,-99.0,-99.0,-99.0,-99.0,-99.0,-99.0,-99.0,N.A.,-99.0,-99.0,-99.0,0.0,-99.0,N.A.,N.A.,-99.0,-99.0,-99.0,-99.0,-99.0,-99.0,-99.0,N.A.,-99.0,-99.0,-99.0,0.0,-99.0,N.A.,N.A.,82
96,350.0,1830.0,330.0,300.0,30.0,1830.0,330.0,8.9x8.0,-99.0,32.5,22.5,0,140.0,CSO-SHARCH,Furuya et al 2006,3500.0,1.16,0.17,0.75,0.07,1.16,0.17,5.38x4.80,41.3,6.1,4.3,0.0,129.0,OVRO,Furuya et al 2006,-99.0,-99.0,-99.0,-99.0,-99.0,-99.0,-99.0,N.A.,-99.0,-99.0,-99.0,0,-99.0,N.A.,N.A.,-99.0,-99.0,-99.0,-99.0,-99.0,-99.0,-99.0,N.A.,-99.0,-99.0,-99.0,0.0,-99.0,N.A.,N.A.,-99.0,-99.0,-99.0,-99.0,-99.0,-99.0,-99.0,N.A.,-99.0,-99.0,-99.0,0.0,-99.0,N.A.,N.A.,-99.0,-99.0,-99.0,-99.0,-99.0,-99.0,-99.0,N.A.,-99.0,-99.0,-99.0,0.0,-99.0,N.A.,N.A.,-99.0,-99.0,-99.0,-99.0,-99.0,-99.0,-99.0,N.A.,-99.0,-99.0,-99.0,0.0,-99.0,N.A.,N.A.,96
97,350.0,103.0,14.0,-99.0,-99.0,-99.0,-99.0,10,-99.0,-99.0,-99.0,0,-99.0,CSO,Barrado et al 2007,1200.0,2.88,0.0,-99.0,-99.0,-99.0,-99.0,11,-99.0,-99.0,-99.0,0.0,-99.0,IRAM,Barrado et al 2007,-99.0,-99.0,-99.0,-99.0,-99.0,-99.0,-99.0,N.A.,-99.0,-99.0,-99.0,0,-99.0,N.A.,N.A.,-99.0,-99.0,-99.0,-99.0,-99.0,-99.0,-99.0,N.A.,-99.0,-99.0,-99.0,0.0,-99.0,N.A.,N.A.,-99.0,-99.0,-99.0,-99.0,-99.0,-99.0,-99.0,N.A.,-99.0,-99.0,-99.0,0.0,-99.0,N.A.,N.A.,-99.0,-99.0,-99.0,-99.0,-99.0,-99.0,-99.0,N.A.,-99.0,-99.0,-99.0,0.0,-99.0,N.A.,N.A.,-99.0,-99.0,-99.0,-99.0,-99.0,-99.0,-99.0,N.A.,-99.0,-99.0,-99.0,0.0,-99.0,N.A.,N.A.,97
101,350.0,4100.0,1300.0,800.0,200.0,-99.0,-99.0,10,-99.0,13.4,13.4,0,-99.0,SHARC-II,Suresh et al 2016,1100.0,148.0,16.0,121.0,16.0,148.0,16.0,31,0.0,33.0,54.0,0.0,48.0,BOLOCAM,Enoch et al 2006,1300.0,32.8,0.6,32.8,0.6,-99.0,-99.0,1.23x0.88,85.6,0.66,0.45,0,-88.0,SMA,Pineda et al 2011,3000.0,10.0,-99.0,2.0,1.0,10.0,-99.0,5.4x4.8,-77.0,16.0,8.0,1.0,-37.0,CARMA,Pineda et al 2011,3000.0,4.17,0.25,4.0,0.14,4.17,0.25,3.5x2.5,14.0,-99.0,-99.0,1.0,-99.0,ALMA,Maureira et al 2020,-99.0,-99.0,-99.0,-99.0,-99.0,-99.0,-99.0,N.A.,-99.0,-99.0,-99.0,0.0,-99.0,N.A.,N.A.,-99.0,-99.0,-99.0,-99.0,-99.0,-99.0,-99.0,N.A.,-99.0,-99.0,-99.0,0.0,-99.0,N.A.,N.A.,101
117,350.0,9400.0,1400.0,3000.0,500.0,9400.0,1400.0,8.5,-99.0,12.0,12.0,0,-84.8,SHARC-II,Wu et al 2007,1200.0,282.0,5.0,67.0,1.0,-99.0,-99.0,11,-99.0,37.0,35.0,1.0,71.0,MAMBO,Kauffmann et al 2008,-99.0,-99.0,-99.0,-99.0,-99.0,-99.0,-99.0,N.A.,-99.0,-99.0,-99.0,0,-99.0,N.A.,N.A.,-99.0,-99.0,-99.0,-99.0,-99.0,-99.0,-99.0,N.A.,-99.0,-99.0,-99.0,0.0,-99.0,N.A.,N.A.,-99.0,-99.0,-99.0,-99.0,-99.0,-99.0,-99.0,N.A.,-99.0,-99.0,-99.0,0.0,-99.0,N.A.,N.A.,-99.0,-99.0,-99.0,-99.0,-99.0,-99.0,-99.0,N.A.,-99.0,-99.0,-99.0,0.0,-99.0,N.A.,N.A.,-99.0,-99.0,-99.0,-99.0,-99.0,-99.0,-99.0,N.A.,-99.0,-99.0,-99.0,0.0,-99.0,N.A.,N.A.,117
162,1200.0,7.2,0.0,-99.0,-99.0,-99.0,-99.0,11,-99.0,-99.0,-99.0,-99,-99.0,MAMBO,Morata et al 2015,-99.0,-99.0,-99.0,-99.0,-99.0,-99.0,-99.0,N.A.,-99.0,-99.0,-99.0,0.0,-99.0,N.A.,N.A.,-99.0,-99.0,-99.0,-99.0,-99.0,-99.0,-99.0,N.A.,-99.0,-99.0,-99.0,0,-99.0,N.A.,N.A.,-99.0,-99.0,-99.0,-99.0,-99.0,-99.0,-99.0,N.A.,-99.0,-99.0,-99.0,0.0,-99.0,N.A.,N.A.,-99.0,-99.0,-99.0,-99.0,-99.0,-99.0,-99.0,N.A.,-99.0,-99.0,-99.0,0.0,-99.0,N.A.,N.A.,-99.0,-99.0,-99.0,-99.0,-99.0,-99.0,-99.0,N.A.,-99.0,-99.0,-99.0,0.0,-99.0,N.A.,N.A.,-99.0,-99.0,-99.0,-99.0,-99.0,-99.0,-99.0,N.A.,-99.0,-99.0,-99.0,0.0,-99.0,N.A.,N.A.,162
163,1200.0,5.8,0.0,-99.0,-99.0,-99.0,-99.0,11,-99.0,-99.0,-99.0,-99,-99.0,MAMBO,Morata et al 2015,-99.0,-99.0,-99.0,-99.0,-99.0,-99.0,-99.0,N.A.,-99.0,-99.0,-99.0,0.0,-99.0,N.A.,N.A.,-99.0,-99.0,-99.0,-99.0,-99.0,-99.0,-99.0,N.A.,-99.0,-99.0,-99.0,0,-99.0,N.A.,N.A.,-99.0,-99.0,-99.0,-99.0,-99.0,-99.0,-99.0,N.A.,-99.0,-99.0,-99.0,0.0,-99.0,N.A.,N.A.,-99.0,-99.0,-99.0,-99.0,-99.0,-99.0,-99.0,N.A.,-99.0,-99.0,-99.0,0.0,-99.0,N.A.,N.A.,-99.0,-99.0,-99.0,-99.0,-99.0,-99.0,-99.0,N.A.,-99.0,-99.0,-99.0,0.0,-99.0,N.A.,N.A.,-99.0,-99.0,-99.0,-99.0,-99.0,-99.0,-99.0,N.A.,-99.0,-99.0,-99.0,0.0,-99.0,N.A.,N.A.,163
164,1200.0,5.0,0.0,-99.0,-99.0,-99.0,-99.0,11,-99.0,-99.0,-99.0,-99,-99.0,MAMBO,Morata et al 2015,-99.0,-99.0,-99.0,-99.0,-99.0,-99.0,-99.0,N.A.,-99.0,-99.0,-99.0,0.0,-99.0,N.A.,N.A.,-99.0,-99.0,-99.0,-99.0,-99.0,-99.0,-99.0,N.A.,-99.0,-99.0,-99.0,0,-99.0,N.A.,N.A.,-99.0,-99.0,-99.0,-99.0,-99.0,-99.0,-99.0,N.A.,-99.0,-99.0,-99.0,0.0,-99.0,N.A.,N.A.,-99.0,-99.0,-99.0,-99.0,-99.0,-99.0,-99.0,N.A.,-99.0,-99.0,-99.0,0.0,-99.0,N.A.,N.A.,-99.0,-99.0,-99.0,-99.0,-99.0,-99.0,-99.0,N.A.,-99.0,-99.0,-99.0,0.0,-99.0,N.A.,N.A.,-99.0,-99.0,-99.0,-99.0,-99.0,-99.0,-99.0,N.A.,-99.0,-99.0,-99.0,0.0,-99.0,N.A.,N.A.,164
165,870.0,78.0,5.0,-99.0,-99.0,78.0,5.0,27.6,-99.0,-99.0,-99.0,0,-99.0,LABOCA/APEX,deGregorio-Monsalvo et al 2016,-99.0,-99.0,-99.0,-99.0,-99.0,-99.0,-99.0,N.A.,-99.0,-99.0,-99.0,0.0,-99.0,N.A.,N.A.,-99.0,-99.0,-99.0,-99.0,-99.0,-99.0,-99.0,N.A.,-99.0,-99.0,-99.0,0,-99.0,N.A.,N.A.,-99.0,-99.0,-99.0,-99.0,-99.0,-99.0,-99.0,N.A.,-99.0,-99.0,-99.0,0.0,-99.0,N.A.,N.A.,-99.0,-99.0,-99.0,-99.0,-99.0,-99.0,-99.0,N.A.,-99.0,-99.0,-99.0,0.0,-99.0,N.A.,N.A.,-99.0,-99.0,-99.0,-99.0,-99.0,-99.0,-99.0,N.A.,-99.0,-99.0,-99.0,0.0,-99.0,N.A.,N.A.,-99.0,-99.0,-99.0,-99.0,-99.0,-99.0,-99.0,N.A.,-99.0,-99.0,-99.0,0.0,-99.0,N.A.,N.A.,165
166,1200.0,4.2,0.0,-99.0,-99.0,-99.0,-99.0,11,-99.0,-99.0,-99.0,-99,-99.0,MAMBO,Morata et al 2015,-99.0,-99.0,-99.0,-99.0,-99.0,-99.0,-99.0,N.A.,-99.0,-99.0,-99.0,0.0,-99.0,N.A.,N.A.,-99.0,-99.0,-99.0,-99.0,-99.0,-99.0,-99.0,N.A.,-99.0,-99.0,-99.0,0,-99.0,N.A.,N.A.,-99.0,-99.0,-99.0,-99.0,-99.0,-99.0,-99.0,N.A.,-99.0,-99.0,-99.0,0.0,-99.0,N.A.,N.A.,-99.0,-99.0,-99.0,-99.0,-99.0,-99.0,-99.0,N.A.,-99.0,-99.0,-99.0,0.0,-99.0,N.A.,N.A.,-99.0,-99.0,-99.0,-99.0,-99.0,-99.0,-99.0,N.A.,-99.0,-99.0,-99.0,0.0,-99.0,N.A.,N.A.,-99.0,-99.0,-99.0,-99.0,-99.0,-99.0,-99.0,N.A.,-99.0,-99.0,-99.0,0.0,-99.0,N.A.,N.A.,166
168,1200.0,5.4,0.0,-99.0,-99.0,-99.0,-99.0,11,-99.0,-99.0,-99.0,-99,-99.0,MAMBO,Morata et al 2015,-99.0,-99.0,-99.0,-99.0,-99.0,-99.0,-99.0,N.A.,-99.0,-99.0,-99.0,0.0,-99.0,N.A.,N.A.,-99.0,-99.0,-99.0,-99.0,-99.0,-99.0,-99.0,N.A.,-99.0,-99.0,-99.0,0,-99.0,N.A.,N.A.,-99.0,-99.0,-99.0,-99.0,-99.0,-99.0,-99.0,N.A.,-99.0,-99.0,-99.0,0.0,-99.0,N.A.,N.A.,-99.0,-99.0,-99.0,-99.0,-99.0,-99.0,-99.0,N.A.,-99.0,-99.0,-99.0,0.0,-99.0,N.A.,N.A.,-99.0,-99.0,-99.0,-99.0,-99.0,-99.0,-99.0,N.A.,-99.0,-99.0,-99.0,0.0,-99.0,N.A.,N.A.,-99.0,-99.0,-99.0,-99.0,-99.0,-99.0,-99.0,N.A.,-99.0,-99.0,-99.0,0.0,-99.0,N.A.,N.A.,168
169,1200.0,5.9,0.0,-99.0,-99.0,-99.0,-99.0,11,-99.0,-99.0,-99.0,-99,-99.0,MAMBO,Morata et al 2015,-99.0,-99.0,-99.0,-99.0,-99.0,-99.0,-99.0,N.A.,-99.0,-99.0,-99.0,0.0,-99.0,N.A.,N.A.,-99.0,-99.0,-99.0,-99.0,-99.0,-99.0,-99.0,N.A.,-99.0,-99.0,-99.0,0,-99.0,N.A.,N.A.,-99.0,-99.0,-99.0,-99.0,-99.0,-99.0,-99.0,N.A.,-99.0,-99.0,-99.0,0.0,-99.0,N.A.,N.A.,-99.0,-99.0,-99.0,-99.0,-99.0,-99.0,-99.0,N.A.,-99.0,-99.0,-99.0,0.0,-99.0,N.A.,N.A.,-99.0,-99.0,-99.0,-99.0,-99.0,-99.0,-99.0,N.A.,-99.0,-99.0,-99.0,0.0,-99.0,N.A.,N.A.,-99.0,-99.0,-99.0,-99.0,-99.0,-99.0,-99.0,N.A.,-99.0,-99.0,-99.0,0.0,-99.0,N.A.,N.A.,169
171,1200.0,5.4,0.0,-99.0,-99.0,-99.0,-99.0,11,-99.0,-99.0,-99.0,-99,-99.0,MAMBO,Morata et al 2015,-99.0,-99.0,-99.0,-99.0,-99.0,-99.0,-99.0,N.A.,-99.0,-99.0,-99.0,0.0,-99.0,N.A.,N.A.,-99.0,-99.0,-99.0,-99.0,-99.0,-99.0,-99.0,N.A.,-99.0,-99.0,-99.0,0,-99.0,N.A.,N.A.,-99.0,-99.0,-99.0,-99.0,-99.0,-99.0,-99.0,N.A.,-99.0,-99.0,-99.0,0.0,-99.0,N.A.,N.A.,-99.0,-99.0,-99.0,-99.0,-99.0,-99.0,-99.0,N.A.,-99.0,-99.0,-99.0,0.0,-99.0,N.A.,N.A.,-99.0,-99.0,-99.0,-99.0,-99.0,-99.0,-99.0,N.A.,-99.0,-99.0,-99.0,0.0,-99.0,N.A.,N.A.,-99.0,-99.0,-99.0,-99.0,-99.0,-99.0,-99.0,N.A.,-99.0,-99.0,-99.0,0.0,-99.0,N.A.,N.A.,171
172,350.0,46.0,9.0,-99.0,-99.0,-99.0,-99.0,10,-99.0,-99.0,-99.0,0,-99.0,CSO,Palau et al 2012,1200.0,4.0,0.0,-99.0,-99.0,-99.0,-99.0,11,-99.0,-99.0,-99.0,-99.0,-99.0,IRAM,Palau et al 2012,-99.0,-99.0,-99.0,-99.0,-99.0,-99.0,-99.0,N.A.,-99.0,-99.0,-99.0,0,-99.0,N.A.,N.A.,-99.0,-99.0,-99.0,-99.0,-99.0,-99.0,-99.0,N.A.,-99.0,-99.0,-99.0,0.0,-99.0,N.A.,N.A.,-99.0,-99.0,-99.0,-99.0,-99.0,-99.0,-99.0,N.A.,-99.0,-99.0,-99.0,0.0,-99.0,N.A.,N.A.,-99.0,-99.0,-99.0,-99.0,-99.0,-99.0,-99.0,N.A.,-99.0,-99.0,-99.0,0.0,-99.0,N.A.,N.A.,-99.0,-99.0,-99.0,-99.0,-99.0,-99.0,-99.0,N.A.,-99.0,-99.0,-99.0,0.0,-99.0,N.A.,N.A.,172
173,350.0,15500.0,4000.0,6300.0,1300.0,-99.0,-99.0,10,-99.0,24.3,24.3,1,-99.0,SHARC-II,Suresh et al 2016,350.0,6000.0,300.0,-99.0,-99.0,-99.0,-99.0,11.3,-99.0,-99.0,-99.0,-99.0,-99.0,SHARC,Hirano & Liu 2014,850.0,1030.0,30.0,-99.0,-99.0,-99.0,-99.0,15,-99.0,-99.0,-99.0,-99,-99.0,SCUBA,Hirano & Liu 2014,1100.0,314.0,15.0,-99.0,-99.0,-99.0,-99.0,3.3x2.9,57.0,0.42,0.23,1.0,24.0,SMA,Hirano & Liu 2014,1300.0,192.0,10.0,-99.0,-99.0,-99.0,-99.0,6.3x4.0,49.0,-99.0,-99.0,-99.0,-99.0,SMA,Hirano & Liu 2014,3300.0,25.9,3.5,-99.0,-99.0,-99.0,-99.0,3.3x2.9,-73.0,-99.0,-99.0,-99.0,-99.0,SMA,Hirano & Liu 2014,7000.0,1.94,0.28,-99.0,-99.0,-99.0,-99.0,0.51x0.45,-71.0,0.42,0.23,1.0,24.0,VLA,Hirano & Liu 2014,173
174,350.0,17500.0,4500.0,8800.0,1800.0,-99.0,-99.0,10,-99.0,31.8,31.8,1,-99.0,SHARC-II,Suresh et al 2016,350.0,7200.0,300.0,-99.0,-99.0,-99.0,-99.0,11.3,-99.0,-99.0,-99.0,-99.0,-99.0,SHARC,Hirano & Liu 2014,850.0,1240.0,30.0,-99.0,-99.0,-99.0,-99.0,15,-99.0,-99.0,-99.0,-99,-99.0,SCUBA,Hirano & Liu 2014,1100.0,468.0,15.0,-99.0,-99.0,-99.0,-99.0,3.3x2.9,57.0,0.51,0.43,1.0,78.0,SMA,Hirano & Liu 2014,1300.0,345.0,10.0,-99.0,-99.0,-99.0,-99.0,6.3x4.0,49.0,-99.0,-99.0,-99.0,-99.0,SMA,Hirano & Liu 2014,3300.0,30.7,3.5,-99.0,-99.0,-99.0,-99.0,3.3x2.9,-73.0,-99.0,-99.0,-99.0,-99.0,SMA,Hirano & Liu 2014,7000.0,1.69,0.28,-99.0,-99.0,-99.0,-99.0,0.51x0.45,-71.0,0.51,0.43,1.0,78.0,VLA,Hirano & Liu 2014,174
176,450.0,4670.0,1868.0,-99.0,-99.0,4670.0,1868.0,9,-99.0,20.0,15.0,1,-14.0,SCUBA,Sandell & Knee 2001,850.0,980.0,147.0,-99.0,-99.0,980.0,147.0,14,-99.0,20.0,15.0,1.0,-14.0,SCUBA,Sandell & Knee 2001,1100.0,680.0,30.0,460.0,20.0,1350.0,60.0,31,-99.0,71.0,55.0,1,2.0,BOLOCAM,Enoch et al 2006,1250.0,250.0,-99.0,57.0,-99.0,250.0,-99.0,11,-99.0,38.0,38.0,1.0,-99.0,IRAM,Lefloch et al 1998,3000.0,6.02,0.87,0.95,0.12,6.02,0.87,3.5x2.5,13.0,13.49,3.4,1.0,3.2,ALMA,Maureira et al 2020,-99.0,-99.0,-99.0,-99.0,-99.0,-99.0,-99.0,N.A.,-99.0,-99.0,-99.0,0.0,-99.0,N.A.,N.A.,-99.0,-99.0,-99.0,-99.0,-99.0,-99.0,-99.0,N.A.,-99.0,-99.0,-99.0,0.0,-99.0,N.A.,N.A.,176
177,1330.0,0.45,0.1,0.45,0.06,0.43,0.09,0.94x0.93,31.64,-99.0,-99.0,0,-99.0,ALMA,Santamaria et al 2021,-99.0,-99.0,-99.0,-99.0,-99.0,-99.0,-99.0,N.A.,-99.0,-99.0,-99.0,0.0,-99.0,N.A.,N.A.,-99.0,-99.0,-99.0,-99.0,-99.0,-99.0,-99.0,N.A.,-99.0,-99.0,-99.0,0,-99.0,N.A.,N.A.,-99.0,-99.0,-99.0,-99.0,-99.0,-99.0,-99.0,N.A.,-99.0,-99.0,-99.0,0.0,-99.0,N.A.,N.A.,-99.0,-99.0,-99.0,-99.0,-99.0,-99.0,-99.0,N.A.,-99.0,-99.0,-99.0,0.0,-99.0,N.A.,N.A.,-99.0,-99.0,-99.0,-99.0,-99.0,-99.0,-99.0,N.A.,-99.0,-99.0,-99.0,0.0,-99.0,N.A.,N.A.,-99.0,-99.0,-99.0,-99.0,-99.0,-99.0,-99.0,N.A.,-99.0,-99.0,-99.0,0.0,-99.0,N.A.,N.A.,177
178,1100.0,40.0,4.0,-99.0,-99.0,-99.0,-99.0,28,-99.0,-99.0,-99.0,-99,-99.0,AzTEC/ASTE,Santamaria et al 2021,1330.0,0.73,0.09,0.73,0.04,0.82,0.08,0.91x0.83,-83.88,-99.0,-99.0,0.0,-99.0,ALMA,Santamaria et al 2021,-99.0,-99.0,-99.0,-99.0,-99.0,-99.0,-99.0,N.A.,-99.0,-99.0,-99.0,0,-99.0,N.A.,N.A.,-99.0,-99.0,-99.0,-99.0,-99.0,-99.0,-99.0,N.A.,-99.0,-99.0,-99.0,0.0,-99.0,N.A.,N.A.,-99.0,-99.0,-99.0,-99.0,-99.0,-99.0,-99.0,N.A.,-99.0,-99.0,-99.0,0.0,-99.0,N.A.,N.A.,-99.0,-99.0,-99.0,-99.0,-99.0,-99.0,-99.0,N.A.,-99.0,-99.0,-99.0,0.0,-99.0,N.A.,N.A.,-99.0,-99.0,-99.0,-99.0,-99.0,-99.0,-99.0,N.A.,-99.0,-99.0,-99.0,0.0,-99.0,N.A.,N.A.,178
179,1100.0,25.0,3.0,-99.0,-99.0,-99.0,-99.0,28,-99.0,-99.0,-99.0,-99,-99.0,AzTEC/ASTE,Santamaria et al 2021,1330.0,2.84,0.14,2.25,0.07,3.33,0.16,0.94x0.93,9.38,-99.0,-99.0,0.0,-99.0,ALMA,Santamaria et al 2021,-99.0,-99.0,-99.0,-99.0,-99.0,-99.0,-99.0,N.A.,-99.0,-99.0,-99.0,0,-99.0,N.A.,N.A.,-99.0,-99.0,-99.0,-99.0,-99.0,-99.0,-99.0,N.A.,-99.0,-99.0,-99.0,0.0,-99.0,N.A.,N.A.,-99.0,-99.0,-99.0,-99.0,-99.0,-99.0,-99.0,N.A.,-99.0,-99.0,-99.0,0.0,-99.0,N.A.,N.A.,-99.0,-99.0,-99.0,-99.0,-99.0,-99.0,-99.0,N.A.,-99.0,-99.0,-99.0,0.0,-99.0,N.A.,N.A.,-99.0,-99.0,-99.0,-99.0,-99.0,-99.0,-99.0,N.A.,-99.0,-99.0,-99.0,0.0,-99.0,N.A.,N.A.,179
180,1100.0,38.0,4.0,-99.0,-99.0,-99.0,-99.0,28,-99.0,-99.0,-99.0,-99,-99.0,AzTEC/ASTE,Santamaria et al 2021,1330.0,4.1,0.1,2.81,0.05,4.5,0.12,0.94x0.93,9.38,0.77,0.64,1.0,57.0,ALMA,Santamaria et al 2021,-99.0,-99.0,-99.0,-99.0,-99.0,-99.0,-99.0,N.A.,-99.0,-99.0,-99.0,0,-99.0,N.A.,N.A.,-99.0,-99.0,-99.0,-99.0,-99.0,-99.0,-99.0,N.A.,-99.0,-99.0,-99.0,0.0,-99.0,N.A.,N.A.,-99.0,-99.0,-99.0,-99.0,-99.0,-99.0,-99.0,N.A.,-99.0,-99.0,-99.0,0.0,-99.0,N.A.,N.A.,-99.0,-99.0,-99.0,-99.0,-99.0,-99.0,-99.0,N.A.,-99.0,-99.0,-99.0,0.0,-99.0,N.A.,N.A.,-99.0,-99.0,-99.0,-99.0,-99.0,-99.0,-99.0,N.A.,-99.0,-99.0,-99.0,0.0,-99.0,N.A.,N.A.,180
181,1100.0,29.0,3.0,-99.0,-99.0,-99.0,-99.0,28,-99.0,-99.0,-99.0,-99,-99.0,AzTEC/ASTE,Santamaria et al 2021,1330.0,2.5,0.07,1.92,0.05,2.79,0.11,0.91x0.83,-83.37,0.84,0.28,1.0,79.0,ALMA,Santamaria et al 2021,-99.0,-99.0,-99.0,-99.0,-99.0,-99.0,-99.0,N.A.,-99.0,-99.0,-99.0,0,-99.0,N.A.,N.A.,-99.0,-99.0,-99.0,-99.0,-99.0,-99.0,-99.0,N.A.,-99.0,-99.0,-99.0,0.0,-99.0,N.A.,N.A.,-99.0,-99.0,-99.0,-99.0,-99.0,-99.0,-99.0,N.A.,-99.0,-99.0,-99.0,0.0,-99.0,N.A.,N.A.,-99.0,-99.0,-99.0,-99.0,-99.0,-99.0,-99.0,N.A.,-99.0,-99.0,-99.0,0.0,-99.0,N.A.,N.A.,-99.0,-99.0,-99.0,-99.0,-99.0,-99.0,-99.0,N.A.,-99.0,-99.0,-99.0,0.0,-99.0,N.A.,N.A.,181
182,1100.0,17.0,2.0,-99.0,-99.0,-99.0,-99.0,28,-99.0,-99.0,-99.0,-99,-99.0,AzTEC/ASTE,Santamaria et al 2021,1330.0,1.42,0.01,1.42,0.03,1.49,0.06,0.91x0.83,-83.37,-99.0,-99.0,0.0,-99.0,ALMA,Santamaria et al 2021,-99.0,-99.0,-99.0,-99.0,-99.0,-99.0,-99.0,N.A.,-99.0,-99.0,-99.0,0,-99.0,N.A.,N.A.,-99.0,-99.0,-99.0,-99.0,-99.0,-99.0,-99.0,N.A.,-99.0,-99.0,-99.0,0.0,-99.0,N.A.,N.A.,-99.0,-99.0,-99.0,-99.0,-99.0,-99.0,-99.0,N.A.,-99.0,-99.0,-99.0,0.0,-99.0,N.A.,N.A.,-99.0,-99.0,-99.0,-99.0,-99.0,-99.0,-99.0,N.A.,-99.0,-99.0,-99.0,0.0,-99.0,N.A.,N.A.,-99.0,-99.0,-99.0,-99.0,-99.0,-99.0,-99.0,N.A.,-99.0,-99.0,-99.0,0.0,-99.0,N.A.,N.A.,182
183,1100.0,48.0,5.0,-99.0,-99.0,-99.0,-99.0,28,-99.0,-99.0,-99.0,-99,-99.0,AzTEC/ASTE,Santamaria et al 2021,1330.0,0.58,0.09,0.58,0.01,0.49,0.02,0.95x0.82,-81.47,-99.0,-99.0,0.0,-99.0,ALMA,Santamaria et al 2021,-99.0,-99.0,-99.0,-99.0,-99.0,-99.0,-99.0,N.A.,-99.0,-99.0,-99.0,0,-99.0,N.A.,N.A.,-99.0,-99.0,-99.0,-99.0,-99.0,-99.0,-99.0,N.A.,-99.0,-99.0,-99.0,0.0,-99.0,N.A.,N.A.,-99.0,-99.0,-99.0,-99.0,-99.0,-99.0,-99.0,N.A.,-99.0,-99.0,-99.0,0.0,-99.0,N.A.,N.A.,-99.0,-99.0,-99.0,-99.0,-99.0,-99.0,-99.0,N.A.,-99.0,-99.0,-99.0,0.0,-99.0,N.A.,N.A.,-99.0,-99.0,-99.0,-99.0,-99.0,-99.0,-99.0,N.A.,-99.0,-99.0,-99.0,0.0,-99.0,N.A.,N.A.,183
184,1100.0,170.0,17.0,-99.0,-99.0,-99.0,-99.0,28,-99.0,-99.0,-99.0,-99,-99.0,AzTEC/ASTE,Santamaria et al 2021,1330.0,0.75,0.08,0.76,0.01,0.83,0.02,0.96x0.82,-81.93,-99.0,-99.0,0.0,-99.0,ALMA,Santamaria et al 2021,-99.0,-99.0,-99.0,-99.0,-99.0,-99.0,-99.0,N.A.,-99.0,-99.0,-99.0,0,-99.0,N.A.,N.A.,-99.0,-99.0,-99.0,-99.0,-99.0,-99.0,-99.0,N.A.,-99.0,-99.0,-99.0,0.0,-99.0,N.A.,N.A.,-99.0,-99.0,-99.0,-99.0,-99.0,-99.0,-99.0,N.A.,-99.0,-99.0,-99.0,0.0,-99.0,N.A.,N.A.,-99.0,-99.0,-99.0,-99.0,-99.0,-99.0,-99.0,N.A.,-99.0,-99.0,-99.0,0.0,-99.0,N.A.,N.A.,-99.0,-99.0,-99.0,-99.0,-99.0,-99.0,-99.0,N.A.,-99.0,-99.0,-99.0,0.0,-99.0,N.A.,N.A.,184
185,1330.0,0.48,0.09,0.48,0.01,0.66,0.04,0.96x0.82,-86.69,-99.0,-99.0,0,-99.0,ALMA,Santamaria et al 2021,-99.0,-99.0,-99.0,-99.0,-99.0,-99.0,-99.0,N.A.,-99.0,-99.0,-99.0,0.0,-99.0,N.A.,N.A.,-99.0,-99.0,-99.0,-99.0,-99.0,-99.0,-99.0,N.A.,-99.0,-99.0,-99.0,0,-99.0,N.A.,N.A.,-99.0,-99.0,-99.0,-99.0,-99.0,-99.0,-99.0,N.A.,-99.0,-99.0,-99.0,0.0,-99.0,N.A.,N.A.,-99.0,-99.0,-99.0,-99.0,-99.0,-99.0,-99.0,N.A.,-99.0,-99.0,-99.0,0.0,-99.0,N.A.,N.A.,-99.0,-99.0,-99.0,-99.0,-99.0,-99.0,-99.0,N.A.,-99.0,-99.0,-99.0,0.0,-99.0,N.A.,N.A.,-99.0,-99.0,-99.0,-99.0,-99.0,-99.0,-99.0,N.A.,-99.0,-99.0,-99.0,0.0,-99.0,N.A.,N.A.,185
186,869.0,324.0,0.0,-99.0,-99.0,-99.0,-99.0,18.6,0.0,-99.0,-99.0,-99,-99.0,LABOCA/APEX,Santamaria et al 2021,1330.0,0.87,0.09,0.87,0.03,1.01,0.05,0.93x0.85,86.11,-99.0,-99.0,0.0,-99.0,ALMA,Santamaria et al 2021,-99.0,-99.0,-99.0,-99.0,-99.0,-99.0,-99.0,N.A.,-99.0,-99.0,-99.0,0,-99.0,N.A.,N.A.,-99.0,-99.0,-99.0,-99.0,-99.0,-99.0,-99.0,N.A.,-99.0,-99.0,-99.0,0.0,-99.0,N.A.,N.A.,-99.0,-99.0,-99.0,-99.0,-99.0,-99.0,-99.0,N.A.,-99.0,-99.0,-99.0,0.0,-99.0,N.A.,N.A.,-99.0,-99.0,-99.0,-99.0,-99.0,-99.0,-99.0,N.A.,-99.0,-99.0,-99.0,0.0,-99.0,N.A.,N.A.,-99.0,-99.0,-99.0,-99.0,-99.0,-99.0,-99.0,N.A.,-99.0,-99.0,-99.0,0.0,-99.0,N.A.,N.A.,186
187,1330.0,0.9,0.08,0.9,0.05,1.18,0.11,0.93x0.85,85.96,-99.0,-99.0,0,-99.0,ALMA,Santamaria et al 2021,-99.0,-99.0,-99.0,-99.0,-99.0,-99.0,-99.0,N.A.,-99.0,-99.0,-99.0,0.0,-99.0,N.A.,N.A.,-99.0,-99.0,-99.0,-99.0,-99.0,-99.0,-99.0,N.A.,-99.0,-99.0,-99.0,0,-99.0,N.A.,N.A.,-99.0,-99.0,-99.0,-99.0,-99.0,-99.0,-99.0,N.A.,-99.0,-99.0,-99.0,0.0,-99.0,N.A.,N.A.,-99.0,-99.0,-99.0,-99.0,-99.0,-99.0,-99.0,N.A.,-99.0,-99.0,-99.0,0.0,-99.0,N.A.,N.A.,-99.0,-99.0,-99.0,-99.0,-99.0,-99.0,-99.0,N.A.,-99.0,-99.0,-99.0,0.0,-99.0,N.A.,N.A.,-99.0,-99.0,-99.0,-99.0,-99.0,-99.0,-99.0,N.A.,-99.0,-99.0,-99.0,0.0,-99.0,N.A.,N.A.,187
188,1330.0,0.91,0.18,0.9,0.1,1.2,0.2,0.93x0.85,85.96,-99.0,-99.0,0,-99.0,ALMA,Santamaria et al 2021,-99.0,-99.0,-99.0,-99.0,-99.0,-99.0,-99.0,N.A.,-99.0,-99.0,-99.0,0.0,-99.0,N.A.,N.A.,-99.0,-99.0,-99.0,-99.0,-99.0,-99.0,-99.0,N.A.,-99.0,-99.0,-99.0,0,-99.0,N.A.,N.A.,-99.0,-99.0,-99.0,-99.0,-99.0,-99.0,-99.0,N.A.,-99.0,-99.0,-99.0,0.0,-99.0,N.A.,N.A.,-99.0,-99.0,-99.0,-99.0,-99.0,-99.0,-99.0,N.A.,-99.0,-99.0,-99.0,0.0,-99.0,N.A.,N.A.,-99.0,-99.0,-99.0,-99.0,-99.0,-99.0,-99.0,N.A.,-99.0,-99.0,-99.0,0.0,-99.0,N.A.,N.A.,-99.0,-99.0,-99.0,-99.0,-99.0,-99.0,-99.0,N.A.,-99.0,-99.0,-99.0,0.0,-99.0,N.A.,N.A.,188
189,1100.0,89.0,9.0,-99.0,-99.0,-99.0,-99.0,28,-99.0,-99.0,-99.0,-99,-99.0,AzTEC/ASTE,Santamaria et al 2021,1330.0,0.62,0.13,0.62,0.03,0.47,0.04,1.12x0.82,85.61,-99.0,-99.0,0.0,-99.0,ALMA,Santamaria et al 2021,-99.0,-99.0,-99.0,-99.0,-99.0,-99.0,-99.0,N.A.,-99.0,-99.0,-99.0,0,-99.0,N.A.,N.A.,-99.0,-99.0,-99.0,-99.0,-99.0,-99.0,-99.0,N.A.,-99.0,-99.0,-99.0,0.0,-99.0,N.A.,N.A.,-99.0,-99.0,-99.0,-99.0,-99.0,-99.0,-99.0,N.A.,-99.0,-99.0,-99.0,0.0,-99.0,N.A.,N.A.,-99.0,-99.0,-99.0,-99.0,-99.0,-99.0,-99.0,N.A.,-99.0,-99.0,-99.0,0.0,-99.0,N.A.,N.A.,-99.0,-99.0,-99.0,-99.0,-99.0,-99.0,-99.0,N.A.,-99.0,-99.0,-99.0,0.0,-99.0,N.A.,N.A.,189
190,1330.0,0.7,0.06,0.71,0.02,0.72,0.03,0.93x0.85,86.24,-99.0,-99.0,0,-99.0,ALMA,Santamaria et al 2021,-99.0,-99.0,-99.0,-99.0,-99.0,-99.0,-99.0,N.A.,-99.0,-99.0,-99.0,0.0,-99.0,N.A.,N.A.,-99.0,-99.0,-99.0,-99.0,-99.0,-99.0,-99.0,N.A.,-99.0,-99.0,-99.0,0,-99.0,N.A.,N.A.,-99.0,-99.0,-99.0,-99.0,-99.0,-99.0,-99.0,N.A.,-99.0,-99.0,-99.0,-99.0,-99.0,N.A.,N.A.,-99.0,-99.0,-99.0,-99.0,-99.0,-99.0,-99.0,N.A.,-99.0,-99.0,-99.0,0.0,-99.0,N.A.,N.A.,-99.0,-99.0,-99.0,-99.0,-99.0,-99.0,-99.0,N.A.,-99.0,-99.0,-99.0,0.0,-99.0,N.A.,N.A.,-99.0,-99.0,-99.0,-99.0,-99.0,-99.0,-99.0,N.A.,-99.0,-99.0,-99.0,0.0,-99.0,N.A.,N.A.,190
191,350.0,6100.0,1200.0,-99.0,-99.0,-99.0,-99.0,40.,-99.0,-99.0,-99.0,-99,-99.0,SHARC-II,Enoch et al 2010,850.0,920.0,200.0,-99.0,-99.0,-99.0,-99.0,14,-99.0,-99.0,-99.0,-99.0,-99.0,SCUBA,Hatchell et al 2005,1100.0,330.0,30.0,273.0,17.0,330.0,30.0,31,-99.0,45.0,39.0,1,-47.0,Bolocam,Enoch et al 2006,1300.0,26.6,4.0,6.9,1.1,26.6,4.0,3.01x2.54,-80.0,5.3,4.0,1.0,19.0,SMA,Dunham et al 2011,2930.0,13.0,6.0,2.0,0.3,13.0,6.0,5.6,-99.0,26.0,18.0,1.0,35.0,CARMA,Schnee et al 2010,3000.0,6.02,0.87,0.95,0.12,6.02,0.87,3.5x2.4,14.0,10.05,4.42,0.0,28.6,ALMA,Maureira et al 2020,-99.0,-99.0,-99.0,-99.0,-99.0,-99.0,-99.0,N.A.,-99.0,-99.0,-99.0,-0.0,-99.0,N.A.,N.A.,191
192,1300.0,948.0,42.0,370.0,42.0,948.0,42.0,22,-99.0,-99.0,-99.0,-99,-99.0,SEST,Reipurth et al 1996,3000.0,3.94,0.42,1.74,0.13,3.94,0.42,2.5x1.6,-7.0,3.15,1.35,1.0,142.0,ALMA,Maureira et al 2020,-99.0,-99.0,-99.0,-99.0,-99.0,-99.0,-99.0,N.A.,-99.0,-99.0,-99.0,0,-99.0,N.A.,N.A.,-99.0,-99.0,-99.0,-99.0,-99.0,-99.0,-99.0,N.A.,-99.0,-99.0,-99.0,-99.0,-99.0,N.A.,N.A.,-99.0,-99.0,-99.0,-99.0,-99.0,-99.0,-99.0,N.A.,-99.0,-99.0,-99.0,0.0,-99.0,N.A.,N.A.,-99.0,-99.0,-99.0,-99.0,-99.0,-99.0,-99.0,N.A.,-99.0,-99.0,-99.0,0.0,-99.0,N.A.,N.A.,-99.0,-99.0,-99.0,-99.0,-99.0,-99.0,-99.0,N.A.,-99.0,-99.0,-99.0,0.0,-99.0,N.A.,N.A.,192
194,872.7,18.08,0.002,13.93,0.08,18.08,0.002,0.15x0.11,127.0,0.07,0.04,1,-99.0,ALMA,Riaz & Machida 2021,1330.0,10.57,1.5E-4,9.51,0.32,10.57,1.5E-4,1.59x1.19,73.0,0.8,0.5,1.0,-99.0,ALMA,Riaz & Machida 2021,1930.0,4.36,0.18,4.21,0.1,4.36,0.18,0.4x0.3,80.0,0.4,0.3,1,-99.0,ALMA,Riaz & Machida 2021,-99.0,-99.0,-99.0,-99.0,-99.0,-99.0,-99.0,N.A.,-99.0,-99.0,-99.0,-99.0,-99.0,N.A.,N.A.,-99.0,-99.0,-99.0,-99.0,-99.0,-99.0,-99.0,N.A.,-99.0,-99.0,-99.0,0.0,-99.0,N.A.,N.A.,-99.0,-99.0,-99.0,-99.0,-99.0,-99.0,-99.0,N.A.,-99.0,-99.0,-99.0,0.0,-99.0,N.A.,N.A.,-99.0,-99.0,-99.0,-99.0,-99.0,-99.0,-99.0,N.A.,-99.0,-99.0,-99.0,0.0,-99.0,N.A.,N.A.,194
195,450.0,1200.0,0.0,-99.0,-99.0,-99.0,-99.0,10,-99.0,-99.0,-99.0,-99,-99.0,SCUBA,Chen et al 2010,850.0,400.0,0.0,-99.0,-99.0,-99.0,-99.0,14,-99.0,-99.0,-99.0,-99.0,-99.0,SCUBA,Chen et al 2010,1100.0,300.0,0.0,-99.0,-99.0,-99.0,-99.0,30,-99.0,-99.0,-99.0,-99,-99.0,SCUBA,Chen et al 2010,1300.0,6.0,2.0,-99.0,-99.0,-99.0,-99.0,3,-99.0,-99.0,-99.0,-99.0,-99.0,SMA,Chen et al 2010,-99.0,-99.0,-99.0,-99.0,-99.0,-99.0,-99.0,N.A.,-99.0,-99.0,-99.0,-99.0,-99.0,N.A.,N.A.,-99.0,-99.0,-99.0,-99.0,-99.0,-99.0,-99.0,N.A.,-99.0,-99.0,-99.0,0.0,-99.0,N.A.,N.A.,-99.0,-99.0,-99.0,-99.0,-99.0,-99.0,-99.0,N.A.,-99.0,-99.0,-99.0,-99.0,-99.0,N.A.,N.A.,195
196,450.0,79.0,8.0,-99.0,-99.0,-99.0,-99.0,7.5,-99.0,-99.0,-99.0,1,-99.0,SCUBA-2,Riaz et al 2016,850.0,26.0,4.0,-99.0,-99.0,-99.0,-99.0,14.5,-99.0,-99.0,-99.0,-99.0,-99.0,SCUBA-2,Riaz et al 2016,1100.0,140.0,14.0,-99.0,-99.0,-99.0,-99.0,31,-99.0,-99.0,-99.0,-99,-99.0,Bolocam,Enoch et al 2009,-99.0,-99.0,-99.0,-99.0,-99.0,-99.0,-99.0,N.A.,-99.0,-99.0,-99.0,-99.0,-99.0,N.A.,N.A.,-99.0,-99.0,-99.0,-99.0,-99.0,-99.0,-99.0,N.A.,-99.0,-99.0,-99.0,0.0,-99.0,N.A.,N.A.,-99.0,-99.0,-99.0,-99.0,-99.0,-99.0,-99.0,N.A.,-99.0,-99.0,-99.0,0.0,-99.0,N.A.,N.A.,-99.0,-99.0,-99.0,-99.0,-99.0,-99.0,-99.0,N.A.,-99.0,-99.0,-99.0,0.0,-99.0,N.A.,N.A.,196
197,850.0,39.0,5.0,-99.0,-99.0,-99.0,-99.0,15,-99.0,6.0,6.0,0,-99.0,SCUBA,Greaves et al 2003,3200.0,0.4,0.1,0.32,0.05,0.4,0.1,7.8x2.8,-99.0,-99.0,-99.0,0.0,-99.0,IRAM/PdBI,Andre et al 2012,-99.0,-99.0,-99.0,-99.0,-99.0,-99.0,-99.0,N.A.,-99.0,-99.0,-99.0,0,-99.0,N.A.,N.A.,-99.0,-99.0,-99.0,-99.0,-99.0,-99.0,-99.0,N.A.,-99.0,-99.0,-99.0,-99.0,-99.0,N.A.,N.A.,-99.0,-99.0,-99.0,-99.0,-99.0,-99.0,-99.0,N.A.,-99.0,-99.0,-99.0,0.0,-99.0,N.A.,N.A.,-99.0,-99.0,-99.0,-99.0,-99.0,-99.0,-99.0,N.A.,-99.0,-99.0,-99.0,0.0,-99.0,N.A.,N.A.,-99.0,-99.0,-99.0,-99.0,-99.0,-99.0,-99.0,N.A.,-99.0,-99.0,-99.0,0.0,-99.0,N.A.,N.A.,197
198,350.0,2000.0,500.0,-99.0,-99.0,-99.0,-99.0,9,-99.0,-99.0,-99.0,0,-99.0,SHARC-II,Andrews et al 2008,450.0,1600.0,400.0,-99.0,-99.0,-99.0,-99.0,15,-99.0,-99.0,-99.0,0.0,-99.0,SCUBA,Andrews et al 2008,850.0,440.0,40.0,-99.0,-99.0,-99.0,-99.0,9,-99.0,-99.0,-99.0,0,-99.0,SCUBA,Andrews et al 2008,1300.0,407.0,41.0,-99.0,-99.0,407.0,41.0,1.12x0.86,92.0,-99.0,-99.0,1.0,93.0,SMA,Andrews+2008,1300.0,110.0,-99.0,110.0,5.0,-99.0,-99.0,11,-99.0,-99.0,-99.0,0.0,-99.0,IRAM,Motte&Andre2001,-99.0,-99.0,-99.0,-99.0,-99.0,-99.0,-99.0,N.A.,-99.0,-99.0,-99.0,0.0,-99.0,N.A.,N.A.,-99.0,-99.0,-99.0,-99.0,-99.0,-99.0,-99.0,N.A.,-99.0,-99.0,-99.0,0.0,-99.0,N.A.,N.A.,198
199,1300.0,62.0,2.3,14.0,0.37,62.0,2.3,6.8x6.3,-77.1,21.5,12.7,1,122.1,ACA/ALMA,Tokuda et al 2020,-99.0,-99.0,-99.0,-99.0,-99.0,-99.0,-99.0,N.A.,-99.0,-99.0,-99.0,-99.0,-99.0,N.A.,N.A.,-99.0,-99.0,-99.0,-99.0,-99.0,-99.0,-99.0,N.A.,-99.0,-99.0,-99.0,0,-99.0,N.A.,N.A.,-99.0,-99.0,-99.0,-99.0,-99.0,-99.0,-99.0,N.A.,-99.0,-99.0,-99.0,-99.0,-99.0,N.A.,N.A.,-99.0,-99.0,-99.0,-99.0,-99.0,-99.0,-99.0,N.A.,-99.0,-99.0,-99.0,0.0,-99.0,N.A.,N.A.,-99.0,-99.0,-99.0,-99.0,-99.0,-99.0,-99.0,N.A.,-99.0,-99.0,-99.0,0.0,-99.0,N.A.,N.A.,-99.0,-99.0,-99.0,-99.0,-99.0,-99.0,-99.0,N.A.,-99.0,-99.0,-99.0,0.0,-99.0,N.A.,N.A.,199
200,1300.0,15.0,-99.0,15.0,4.0,15.0,-99.0,11,-99.0,-99.0,-99.0,0,-99.0,IRAM,Motte&Andre 2001,-99.0,-99.0,-99.0,-99.0,-99.0,-99.0,-99.0,N.A.,-99.0,-99.0,-99.0,-99.0,-99.0,N.A.,N.A.,-99.0,-99.0,-99.0,-99.0,-99.0,-99.0,-99.0,N.A.,-99.0,-99.0,-99.0,0,-99.0,N.A.,N.A.,-99.0,-99.0,-99.0,-99.0,-99.0,-99.0,-99.0,N.A.,-99.0,-99.0,-99.0,-99.0,-99.0,N.A.,N.A.,-99.0,-99.0,-99.0,-99.0,-99.0,-99.0,-99.0,N.A.,-99.0,-99.0,-99.0,0.0,-99.0,N.A.,N.A.,-99.0,-99.0,-99.0,-99.0,-99.0,-99.0,-99.0,N.A.,-99.0,-99.0,-99.0,0.0,-99.0,N.A.,N.A.,-99.0,-99.0,-99.0,-99.0,-99.0,-99.0,-99.0,N.A.,-99.0,-99.0,-99.0,0.0,-99.0,N.A.,N.A.,200
201,450.0,1800.0,220.0,1800.0,220.0,-99.0,-99.0,9,-99.0,-99.0,-99.0,-99,-99.0,SCUBA,diFrancesco et al 2008,850.0,1380.0,280.0,440.0,20.0,1380.0,280.0,14,-99.0,-99.0,-99.0,-99.0,-99.0,SCUBA,diFrancesco et al 2008,1300.0,400.0,-99.0,110.0,7.0,400.0,-99.0,11,-99.0,-99.0,-99.0,0,-99.0,IRAM,Motte&Andre 2001,2900.0,5.6,0.4,6.0,0.2,5.6,0.4,1.90x1.59,-99.0,1.8,1.6,1.0,-74.0,CARMA,Dang-Duc et al 2016,-99.0,-99.0,-99.0,-99.0,-99.0,-99.0,-99.0,N.A.,-99.0,-99.0,-99.0,0.0,-99.0,N.A.,N.A.,-99.0,-99.0,-99.0,-99.0,-99.0,-99.0,-99.0,N.A.,-99.0,-99.0,-99.0,0.0,-99.0,N.A.,N.A.,-99.0,-99.0,-99.0,-99.0,-99.0,-99.0,-99.0,N.A.,-99.0,-99.0,-99.0,0.0,-99.0,N.A.,N.A.,201
202,2940.0,2.5,0.2,1.5,0.2,2.5,0.2,2.19x1.53,-99.0,2.9,0.3,1,83.0,CARMA,DangDuc et al 2016,-99.0,-99.0,-99.0,-99.0,-99.0,-99.0,-99.0,N.A.,-99.0,-99.0,-99.0,-99.0,-99.0,N.A.,N.A.,-99.0,-99.0,-99.0,-99.0,-99.0,-99.0,-99.0,N.A.,-99.0,-99.0,-99.0,0,-99.0,N.A.,N.A.,-99.0,-99.0,-99.0,-99.0,-99.0,-99.0,-99.0,N.A.,-99.0,-99.0,-99.0,-99.0,-99.0,N.A.,N.A.,-99.0,-99.0,-99.0,-99.0,-99.0,-99.0,-99.0,N.A.,-99.0,-99.0,-99.0,0.0,-99.0,N.A.,N.A.,-99.0,-99.0,-99.0,-99.0,-99.0,-99.0,-99.0,N.A.,-99.0,-99.0,-99.0,0.0,-99.0,N.A.,N.A.,-99.0,-99.0,-99.0,-99.0,-99.0,-99.0,-99.0,N.A.,-99.0,-99.0,-99.0,0.0,-99.0,N.A.,N.A.,202
203,850.0,270.0,30.0,-99.0,-99.0,-99.0,-99.0,14,-99.0,-99.0,-99.0,0,-99.0,SCUBA-2,Liu et al 2016,1300.0,13.0,1.0,-99.0,-99.0,-99.0,-99.0,3.4x2.3,59.0,2.45,1.43,1.0,-42.1,SMA,Liu et al 2016,-99.0,-99.0,-99.0,-99.0,-99.0,-99.0,-99.0,N.A.,-99.0,-99.0,-99.0,0,-99.0,N.A.,N.A.,-99.0,-99.0,-99.0,-99.0,-99.0,-99.0,-99.0,N.A.,-99.0,-99.0,-99.0,-99.0,-99.0,N.A.,N.A.,-99.0,-99.0,-99.0,-99.0,-99.0,-99.0,-99.0,N.A.,-99.0,-99.0,-99.0,0.0,-99.0,N.A.,N.A.,-99.0,-99.0,-99.0,-99.0,-99.0,-99.0,-99.0,N.A.,-99.0,-99.0,-99.0,0.0,-99.0,N.A.,N.A.,-99.0,-99.0,-99.0,-99.0,-99.0,-99.0,-99.0,N.A.,-99.0,-99.0,-99.0,0.0,-99.0,N.A.,N.A.,203
204,450.0,12500.0,800.0,650.0,100.0,12500.0,800.0,9,-99.0,10.0,5.0,0,56.0,SCUBA,Hogerheijde et al 2000,850.0,2600.0,290.0,190.0,20.0,2600.0,290.0,14.5,-99.0,13.0,11.0,0.0,40.0,SCUBA,Hogerheijde et al 2000,1300.0,10.3,0.2,9.2,0.1,10.3,0.2,0.48x0.31,-99.0,-99.0,-99.0,0,-99.0,ALMA,Van`t Hoff et al 2020,-99.0,-99.0,-99.0,-99.0,-99.0,-99.0,-99.0,N.A.,-99.0,-99.0,-99.0,-99.0,-99.0,N.A.,N.A.,-99.0,-99.0,-99.0,-99.0,-99.0,-99.0,-99.0,N.A.,-99.0,-99.0,-99.0,0.0,-99.0,N.A.,N.A.,-99.0,-99.0,-99.0,-99.0,-99.0,-99.0,-99.0,N.A.,-99.0,-99.0,-99.0,0.0,-99.0,N.A.,N.A.,-99.0,-99.0,-99.0,-99.0,-99.0,-99.0,-99.0,N.A.,-99.0,-99.0,-99.0,0.0,-99.0,N.A.,N.A.,204
205,1100.0,135.0,30.0,-99.0,-99.0,-99.0,-99.0,2.5x1.9,-99.0,5.4,4.3,1,-99.0,SMA,Chen et al 2013,1300.0,150.0,30.0,-99.0,-99.0,-99.0,-99.0,3.9x2.4,-99.0,5.5,3.9,1.0,-99.0,SMA,Chen et al 2013,1300.0,161.1,0.1,-99.0,-99.0,-99.0,-99.0,0.49x0.48,44.0,8.0,4.2,1,50.0,ALMA,Yen et al 2017,-99.0,-99.0,-99.0,-99.0,-99.0,-99.0,-99.0,N.A.,-99.0,-99.0,-99.0,-99.0,-99.0,N.A.,N.A.,-99.0,-99.0,-99.0,-99.0,-99.0,-99.0,-99.0,N.A.,-99.0,-99.0,-99.0,0.0,-99.0,N.A.,N.A.,-99.0,-99.0,-99.0,-99.0,-99.0,-99.0,-99.0,N.A.,-99.0,-99.0,-99.0,0.0,-99.0,N.A.,N.A.,-99.0,-99.0,-99.0,-99.0,-99.0,-99.0,-99.0,N.A.,-99.0,-99.0,-99.0,0.0,-99.0,N.A.,N.A.,205
206,450.0,80.0,34.0,-99.0,-99.0,-99.0,-99.0,7.5,-99.0,-99.0,-99.0,0,-99.0,SCUBA-2,Riaz et al 2015,850.0,12.0,2.0,-99.0,-99.0,-99.0,-99.0,14.5,-99.0,-99.0,-99.0,0.0,-99.0,SCUBA-2,Riaz et al 2015,1370.0,6.94,0.41,6.3,0.22,6.94,0.41,22,-99.0,0.53,0.45,0,55.0,ALMA,Riaz et al 2019,-99.0,-99.0,-99.0,-99.0,-99.0,-99.0,-99.0,N.A.,-99.0,-99.0,-99.0,-99.0,-99.0,N.A.,N.A.,-99.0,-99.0,-99.0,-99.0,-99.0,-99.0,-99.0,N.A.,-99.0,-99.0,-99.0,0.0,-99.0,N.A.,N.A.,-99.0,-99.0,-99.0,-99.0,-99.0,-99.0,-99.0,N.A.,-99.0,-99.0,-99.0,0.0,-99.0,N.A.,N.A.,-99.0,-99.0,-99.0,-99.0,-99.0,-99.0,-99.0,N.A.,-99.0,-99.0,-99.0,0.0,-99.0,N.A.,N.A.,206
207,450.0,40.0,0.0,-99.0,-99.0,-99.0,-99.0,7.5,-99.0,-99.0,-99.0,0,-99.0,SCUBA-2,Riaz et al 2015,850.0,7.0,2.0,-99.0,-99.0,-99.0,-99.0,14.5,-99.0,-99.0,-99.0,0.0,-99.0,SCUBA-2,Riaz et al 2015,-99.0,-99.0,-99.0,-99.0,-99.0,-99.0,-99.0,N.A.,-99.0,-99.0,-99.0,0,-99.0,N.A.,N.A.,-99.0,-99.0,-99.0,-99.0,-99.0,-99.0,-99.0,N.A.,-99.0,-99.0,-99.0,-99.0,-99.0,N.A.,N.A.,-99.0,-99.0,-99.0,-99.0,-99.0,-99.0,-99.0,N.A.,-99.0,-99.0,-99.0,0.0,-99.0,N.A.,N.A.,-99.0,-99.0,-99.0,-99.0,-99.0,-99.0,-99.0,N.A.,-99.0,-99.0,-99.0,0.0,-99.0,N.A.,N.A.,-99.0,-99.0,-99.0,-99.0,-99.0,-99.0,-99.0,N.A.,-99.0,-99.0,-99.0,0.0,-99.0,N.A.,N.A.,207
208,870.0,73.0,5.8,46.0,3.7,-99.0,-99.0,27.6,-99.0,27.0,27.0,1,-99.0,LABOCA/APEX,Huelamo et al 2017,880.0,5.7,0.26,-99.0,-99.0,-99.0,-99.0,0.93x0.50,111.0,-99.0,-99.0,0.0,-99.0,ALMA,Huelamo et al 2017,-99.0,-99.0,-99.0,-99.0,-99.0,-99.0,-99.0,N.A.,-99.0,-99.0,-99.0,0,-99.0,N.A.,N.A.,-99.0,-99.0,-99.0,-99.0,-99.0,-99.0,-99.0,N.A.,-99.0,-99.0,-99.0,-99.0,-99.0,N.A.,N.A.,-99.0,-99.0,-99.0,-99.0,-99.0,-99.0,-99.0,N.A.,-99.0,-99.0,-99.0,0.0,-99.0,N.A.,N.A.,-99.0,-99.0,-99.0,-99.0,-99.0,-99.0,-99.0,N.A.,-99.0,-99.0,-99.0,0.0,-99.0,N.A.,N.A.,-99.0,-99.0,-99.0,-99.0,-99.0,-99.0,-99.0,N.A.,-99.0,-99.0,-99.0,0.0,-99.0,N.A.,N.A.,208
209,870.0,32.0,2.6,33.0,2.6,-99.0,-99.0,27.6,-99.0,-99.0,-99.0,0,-99.0,LABOCA/APEX,Huelamo et al 2017,880.0,2.2,0.23,-99.0,-99.0,-99.0,-99.0,0.93x0.50,111.0,-99.0,-99.0,0.0,-99.0,ALMA,Huelamo et al 2017,-99.0,-99.0,-99.0,-99.0,-99.0,-99.0,-99.0,N.A.,-99.0,-99.0,-99.0,0,-99.0,N.A.,N.A.,-99.0,-99.0,-99.0,-99.0,-99.0,-99.0,-99.0,N.A.,-99.0,-99.0,-99.0,-99.0,-99.0,N.A.,N.A.,-99.0,-99.0,-99.0,-99.0,-99.0,-99.0,-99.0,N.A.,-99.0,-99.0,-99.0,0.0,-99.0,N.A.,N.A.,-99.0,-99.0,-99.0,-99.0,-99.0,-99.0,-99.0,N.A.,-99.0,-99.0,-99.0,0.0,-99.0,N.A.,N.A.,-99.0,-99.0,-99.0,-99.0,-99.0,-99.0,-99.0,N.A.,-99.0,-99.0,-99.0,0.0,-99.0,N.A.,N.A.,209
210,870.0,56.0,4.5,56.0,4.5,-99.0,-99.0,27.6,-99.0,-99.0,-99.0,0,-99.0,LABOCA/APEX,Huelamo et al 2017,880.0,0.6,0.13,-99.0,-99.0,-99.0,-99.0,0.95x0.48,-63.5,-99.0,-99.0,0.0,-99.0,ALMA,Huelamo et al 2017,-99.0,-99.0,-99.0,-99.0,-99.0,-99.0,-99.0,N.A.,-99.0,-99.0,-99.0,0,-99.0,N.A.,N.A.,-99.0,-99.0,-99.0,-99.0,-99.0,-99.0,-99.0,N.A.,-99.0,-99.0,-99.0,-99.0,-99.0,N.A.,N.A.,-99.0,-99.0,-99.0,-99.0,-99.0,-99.0,-99.0,N.A.,-99.0,-99.0,-99.0,0.0,-99.0,N.A.,N.A.,-99.0,-99.0,-99.0,-99.0,-99.0,-99.0,-99.0,N.A.,-99.0,-99.0,-99.0,0.0,-99.0,N.A.,N.A.,-99.0,-99.0,-99.0,-99.0,-99.0,-99.0,-99.0,N.A.,-99.0,-99.0,-99.0,0.0,-99.0,N.A.,N.A.,210
300,450.0,332.0,40.0,-99.0,-99.0,-99.0,-99.0,7.5,-99.0,-99.0,-99.0,0,-99.0,SCUBA-2,Riaz et al 2016,850.0,153.0,20.0,-99.0,-99.0,-99.0,-99.0,14.5,-99.0,-99.0,-99.0,0.0,-99.0,SCUBA-2,Riaz et al 2016,1100.0,970.0,97.0,-99.0,-99.0,-99.0,-99.0,31,-99.0,-99.0,-99.0,0,-99.0,Bolocam,Enoch et al 2009,-99.0,-99.0,-99.0,-99.0,-99.0,-99.0,-99.0,N.A.,-99.0,-99.0,-99.0,-99.0,-99.0,N.A.,N.A.,-99.0,-99.0,-99.0,-99.0,-99.0,-99.0,-99.0,N.A.,-99.0,-99.0,-99.0,0.0,-99.0,N.A.,N.A.,-99.0,-99.0,-99.0,-99.0,-99.0,-99.0,-99.0,N.A.,-99.0,-99.0,-99.0,0.0,-99.0,N.A.,N.A.,-99.0,-99.0,-99.0,-99.0,-99.0,-99.0,-99.0,N.A.,-99.0,-99.0,-99.0,0.0,-99.0,N.A.,N.A.,300
301,450.0,1079.0,110.0,-99.0,-99.0,-99.0,-99.0,7.5,-99.0,-99.0,-99.0,0,-99.0,SCUBA-2,Riaz et al 2016,850.0,334.0,34.0,-99.0,-99.0,-99.0,-99.0,14.5,-99.0,-99.0,-99.0,0.0,-99.0,SCUBA-2,Riaz et al 2016,1100.0,-99.0,-99.0,-99.0,-99.0,-99.0,-99.0,31,-99.0,-99.0,-99.0,0,-99.0,Bolocam,Enoch et al 2009,-99.0,-99.0,-99.0,-99.0,-99.0,-99.0,-99.0,N.A.,-99.0,-99.0,-99.0,-99.0,-99.0,N.A.,N.A.,-99.0,-99.0,-99.0,-99.0,-99.0,-99.0,-99.0,N.A.,-99.0,-99.0,-99.0,0.0,-99.0,N.A.,N.A.,-99.0,-99.0,-99.0,-99.0,-99.0,-99.0,-99.0,N.A.,-99.0,-99.0,-99.0,0.0,-99.0,N.A.,N.A.,-99.0,-99.0,-99.0,-99.0,-99.0,-99.0,-99.0,N.A.,-99.0,-99.0,-99.0,0.0,-99.0,N.A.,N.A.,301
302,870.0,26.0,5.0,-99.0,-99.0,26.0,5.0,27.6,-99.0,-99.0,-99.0,0,-99.0,LABOCA/APEX,deGregorio-Monsalvo et al 2016,-99.0,-99.0,-99.0,-99.0,-99.0,-99.0,-99.0,N.A.,-99.0,-99.0,-99.0,0.0,-99.0,N.A.,N.A.,-99.0,-99.0,-99.0,-99.0,-99.0,-99.0,-99.0,N.A.,-99.0,-99.0,-99.0,0,-99.0,N.A.,N.A.,-99.0,-99.0,-99.0,-99.0,-99.0,-99.0,-99.0,N.A.,-99.0,-99.0,-99.0,-99.0,-99.0,N.A.,N.A.,-99.0,-99.0,-99.0,-99.0,-99.0,-99.0,-99.0,N.A.,-99.0,-99.0,-99.0,0.0,-99.0,N.A.,N.A.,-99.0,-99.0,-99.0,-99.0,-99.0,-99.0,-99.0,N.A.,-99.0,-99.0,-99.0,0.0,-99.0,N.A.,N.A.,-99.0,-99.0,-99.0,-99.0,-99.0,-99.0,-99.0,N.A.,-99.0,-99.0,-99.0,0.0,-99.0,N.A.,N.A.,302
303,870.0,26.0,5.0,-99.0,-99.0,26.0,5.0,27.6,-99.0,-99.0,-99.0,0,-99.0,LABOCA/APEX,deGregorio-Monsalvo et al 2016,-99.0,-99.0,-99.0,-99.0,-99.0,-99.0,-99.0,N.A.,-99.0,-99.0,-99.0,0.0,-99.0,N.A.,N.A.,-99.0,-99.0,-99.0,-99.0,-99.0,-99.0,-99.0,N.A.,-99.0,-99.0,-99.0,0,-99.0,N.A.,N.A.,-99.0,-99.0,-99.0,-99.0,-99.0,-99.0,-99.0,N.A.,-99.0,-99.0,-99.0,-99.0,-99.0,N.A.,N.A.,-99.0,-99.0,-99.0,-99.0,-99.0,-99.0,-99.0,N.A.,-99.0,-99.0,-99.0,0.0,-99.0,N.A.,N.A.,-99.0,-99.0,-99.0,-99.0,-99.0,-99.0,-99.0,N.A.,-99.0,-99.0,-99.0,0.0,-99.0,N.A.,N.A.,-99.0,-99.0,-99.0,-99.0,-99.0,-99.0,-99.0,N.A.,-99.0,-99.0,-99.0,0.0,-99.0,N.A.,N.A.,303
304,870.0,36.0,6.0,-99.0,-99.0,36.0,6.0,27.6,-99.0,35.0,35.0,1,-99.0,LABOCA/APEX,deGregorio-Monsalvo et al 2016,-99.0,-99.0,-99.0,-99.0,-99.0,-99.0,-99.0,N.A.,-99.0,-99.0,-99.0,0.0,-99.0,N.A.,N.A.,-99.0,-99.0,-99.0,-99.0,-99.0,-99.0,-99.0,N.A.,-99.0,-99.0,-99.0,0,-99.0,N.A.,N.A.,-99.0,-99.0,-99.0,-99.0,-99.0,-99.0,-99.0,N.A.,-99.0,-99.0,-99.0,-99.0,-99.0,N.A.,N.A.,-99.0,-99.0,-99.0,-99.0,-99.0,-99.0,-99.0,N.A.,-99.0,-99.0,-99.0,0.0,-99.0,N.A.,N.A.,-99.0,-99.0,-99.0,-99.0,-99.0,-99.0,-99.0,N.A.,-99.0,-99.0,-99.0,0.0,-99.0,N.A.,N.A.,-99.0,-99.0,-99.0,-99.0,-99.0,-99.0,-99.0,N.A.,-99.0,-99.0,-99.0,0.0,-99.0,N.A.,N.A.,304
305,870.0,460.0,5.0,-99.0,-99.0,460.0,5.0,27.6,-99.0,75.0,75.0,1,-99.0,LABOCA/APEX,deGregorio-Monsalvo et al 2016,-99.0,-99.0,-99.0,-99.0,-99.0,-99.0,-99.0,N.A.,-99.0,-99.0,-99.0,0.0,-99.0,N.A.,N.A.,-99.0,-99.0,-99.0,-99.0,-99.0,-99.0,-99.0,N.A.,-99.0,-99.0,-99.0,0,-99.0,N.A.,N.A.,-99.0,-99.0,-99.0,-99.0,-99.0,-99.0,-99.0,N.A.,-99.0,-99.0,-99.0,-99.0,-99.0,N.A.,N.A.,-99.0,-99.0,-99.0,-99.0,-99.0,-99.0,-99.0,N.A.,-99.0,-99.0,-99.0,0.0,-99.0,N.A.,N.A.,-99.0,-99.0,-99.0,-99.0,-99.0,-99.0,-99.0,N.A.,-99.0,-99.0,-99.0,0.0,-99.0,N.A.,N.A.,-99.0,-99.0,-99.0,-99.0,-99.0,-99.0,-99.0,N.A.,-99.0,-99.0,-99.0,0.0,-99.0,N.A.,N.A.,305
306,870.0,35.0,5.0,-99.0,-99.0,35.0,5.0,27.6,-99.0,-99.0,-99.0,0,-99.0,LABOCA/APEX,deGregorio-Monsalvo et al 2016,-99.0,-99.0,-99.0,-99.0,-99.0,-99.0,-99.0,N.A.,-99.0,-99.0,-99.0,0.0,-99.0,N.A.,N.A.,-99.0,-99.0,-99.0,-99.0,-99.0,-99.0,-99.0,N.A.,-99.0,-99.0,-99.0,0,-99.0,N.A.,N.A.,-99.0,-99.0,-99.0,-99.0,-99.0,-99.0,-99.0,N.A.,-99.0,-99.0,-99.0,-99.0,-99.0,N.A.,N.A.,-99.0,-99.0,-99.0,-99.0,-99.0,-99.0,-99.0,N.A.,-99.0,-99.0,-99.0,0.0,-99.0,N.A.,N.A.,-99.0,-99.0,-99.0,-99.0,-99.0,-99.0,-99.0,N.A.,-99.0,-99.0,-99.0,0.0,-99.0,N.A.,N.A.,-99.0,-99.0,-99.0,-99.0,-99.0,-99.0,-99.0,N.A.,-99.0,-99.0,-99.0,0.0,-99.0,N.A.,N.A.,306
307,870.0,130.0,5.0,-99.0,-99.0,130.0,5.0,27.6,-99.0,45.0,45.0,1,-99.0,LABOCA/APEX,deGregorio-Monsalvo et al 2016,-99.0,-99.0,-99.0,-99.0,-99.0,-99.0,-99.0,N.A.,-99.0,-99.0,-99.0,0.0,-99.0,N.A.,N.A.,-99.0,-99.0,-99.0,-99.0,-99.0,-99.0,-99.0,N.A.,-99.0,-99.0,-99.0,0,-99.0,N.A.,N.A.,-99.0,-99.0,-99.0,-99.0,-99.0,-99.0,-99.0,N.A.,-99.0,-99.0,-99.0,-99.0,-99.0,N.A.,N.A.,-99.0,-99.0,-99.0,-99.0,-99.0,-99.0,-99.0,N.A.,-99.0,-99.0,-99.0,0.0,-99.0,N.A.,N.A.,-99.0,-99.0,-99.0,-99.0,-99.0,-99.0,-99.0,N.A.,-99.0,-99.0,-99.0,0.0,-99.0,N.A.,N.A.,-99.0,-99.0,-99.0,-99.0,-99.0,-99.0,-99.0,N.A.,-99.0,-99.0,-99.0,0.0,-99.0,N.A.,N.A.,307
308,870.0,49.0,6.0,-99.0,-99.0,49.0,6.0,27.6,-99.0,35.0,35.0,1,-99.0,LABOCA/APEX,deGregorio-Monsalvo et al 2016,-99.0,-99.0,-99.0,-99.0,-99.0,-99.0,-99.0,N.A.,-99.0,-99.0,-99.0,0.0,-99.0,N.A.,N.A.,-99.0,-99.0,-99.0,-99.0,-99.0,-99.0,-99.0,N.A.,-99.0,-99.0,-99.0,0,-99.0,N.A.,N.A.,-99.0,-99.0,-99.0,-99.0,-99.0,-99.0,-99.0,N.A.,-99.0,-99.0,-99.0,-99.0,-99.0,N.A.,N.A.,-99.0,-99.0,-99.0,-99.0,-99.0,-99.0,-99.0,N.A.,-99.0,-99.0,-99.0,0.0,-99.0,N.A.,N.A.,-99.0,-99.0,-99.0,-99.0,-99.0,-99.0,-99.0,N.A.,-99.0,-99.0,-99.0,0.0,-99.0,N.A.,N.A.,-99.0,-99.0,-99.0,-99.0,-99.0,-99.0,-99.0,N.A.,-99.0,-99.0,-99.0,0.0,-99.0,N.A.,N.A.,308
309,870.0,30.0,6.0,-99.0,-99.0,30.0,6.0,27.6,-99.0,-99.0,-99.0,0,-99.0,LABOCA/APEX,deGregorio-Monsalvo et al 2016,-99.0,-99.0,-99.0,-99.0,-99.0,-99.0,-99.0,N.A.,-99.0,-99.0,-99.0,0.0,-99.0,N.A.,N.A.,-99.0,-99.0,-99.0,-99.0,-99.0,-99.0,-99.0,N.A.,-99.0,-99.0,-99.0,0,-99.0,N.A.,N.A.,-99.0,-99.0,-99.0,-99.0,-99.0,-99.0,-99.0,N.A.,-99.0,-99.0,-99.0,-99.0,-99.0,N.A.,N.A.,-99.0,-99.0,-99.0,-99.0,-99.0,-99.0,-99.0,N.A.,-99.0,-99.0,-99.0,0.0,-99.0,N.A.,N.A.,-99.0,-99.0,-99.0,-99.0,-99.0,-99.0,-99.0,N.A.,-99.0,-99.0,-99.0,0.0,-99.0,N.A.,N.A.,-99.0,-99.0,-99.0,-99.0,-99.0,-99.0,-99.0,N.A.,-99.0,-99.0,-99.0,0.0,-99.0,N.A.,N.A.,309
310,870.0,39.0,6.0,-99.0,-99.0,39.0,6.0,27.6,-99.0,40.0,40.0,1,-99.0,LABOCA/APEX,deGregorio-Monsalvo et al 2016,-99.0,-99.0,-99.0,-99.0,-99.0,-99.0,-99.0,N.A.,-99.0,-99.0,-99.0,0.0,-99.0,N.A.,N.A.,-99.0,-99.0,-99.0,-99.0,-99.0,-99.0,-99.0,N.A.,-99.0,-99.0,-99.0,0,-99.0,N.A.,N.A.,-99.0,-99.0,-99.0,-99.0,-99.0,-99.0,-99.0,N.A.,-99.0,-99.0,-99.0,-99.0,-99.0,N.A.,N.A.,-99.0,-99.0,-99.0,-99.0,-99.0,-99.0,-99.0,N.A.,-99.0,-99.0,-99.0,0.0,-99.0,N.A.,N.A.,-99.0,-99.0,-99.0,-99.0,-99.0,-99.0,-99.0,N.A.,-99.0,-99.0,-99.0,0.0,-99.0,N.A.,N.A.,-99.0,-99.0,-99.0,-99.0,-99.0,-99.0,-99.0,N.A.,-99.0,-99.0,-99.0,0.0,-99.0,N.A.,N.A.,310
311,870.0,30.0,5.0,-99.0,-99.0,30.0,5.0,27.6,-99.0,-99.0,-99.0,0,-99.0,LABOCA/APEX,deGregorio-Monsalvo et al 2016,-99.0,-99.0,-99.0,-99.0,-99.0,-99.0,-99.0,N.A.,-99.0,-99.0,-99.0,0.0,-99.0,N.A.,N.A.,-99.0,-99.0,-99.0,-99.0,-99.0,-99.0,-99.0,N.A.,-99.0,-99.0,-99.0,0,-99.0,N.A.,N.A.,-99.0,-99.0,-99.0,-99.0,-99.0,-99.0,-99.0,N.A.,-99.0,-99.0,-99.0,-99.0,-99.0,N.A.,N.A.,-99.0,-99.0,-99.0,-99.0,-99.0,-99.0,-99.0,N.A.,-99.0,-99.0,-99.0,0.0,-99.0,N.A.,N.A.,-99.0,-99.0,-99.0,-99.0,-99.0,-99.0,-99.0,N.A.,-99.0,-99.0,-99.0,0.0,-99.0,N.A.,N.A.,-99.0,-99.0,-99.0,-99.0,-99.0,-99.0,-99.0,N.A.,-99.0,-99.0,-99.0,0.0,-99.0,N.A.,N.A.,311
312,870.0,260.0,6.0,-99.0,-99.0,260.0,6.0,27.6,-99.0,55.0,55.0,1,-99.0,LABOCA/APEX,deGregorio-Monsalvo et al 2016,-99.0,-99.0,-99.0,-99.0,-99.0,-99.0,-99.0,N.A.,-99.0,-99.0,-99.0,0.0,-99.0,N.A.,N.A.,-99.0,-99.0,-99.0,-99.0,-99.0,-99.0,-99.0,N.A.,-99.0,-99.0,-99.0,0,-99.0,N.A.,N.A.,-99.0,-99.0,-99.0,-99.0,-99.0,-99.0,-99.0,N.A.,-99.0,-99.0,-99.0,-99.0,-99.0,N.A.,N.A.,-99.0,-99.0,-99.0,-99.0,-99.0,-99.0,-99.0,N.A.,-99.0,-99.0,-99.0,0.0,-99.0,N.A.,N.A.,-99.0,-99.0,-99.0,-99.0,-99.0,-99.0,-99.0,N.A.,-99.0,-99.0,-99.0,0.0,-99.0,N.A.,N.A.,-99.0,-99.0,-99.0,-99.0,-99.0,-99.0,-99.0,N.A.,-99.0,-99.0,-99.0,0.0,-99.0,N.A.,N.A.,312
313,1099.99,98.0,9.8,-99.0,-99.0,-99.0,-99.0,-99,-99.0,-99.0,-99.0,0,-99.0,N.A.,Dunham et al 2015,1300.0,13.35,0.37,-99.0,-99.0,13.35,0.37,0.28x0.19,-99.0,-99.0,-99.0,0.0,-99.0,ALMA,Cieza et al 2019,-99.0,-99.0,-99.0,-99.0,-99.0,-99.0,-99.0,N.A.,-99.0,-99.0,-99.0,0,-99.0,N.A,N.A.,-99.0,-99.0,-99.0,-99.0,-99.0,-99.0,-99.0,N.A.,-99.0,-99.0,-99.0,-99.0,-99.0,N.A.,N.A.,-99.0,-99.0,-99.0,-99.0,-99.0,-99.0,-99.0,N.A.,-99.0,-99.0,-99.0,0.0,-99.0,N.A.,N.A.,-99.0,-99.0,-99.0,-99.0,-99.0,-99.0,-99.0,N.A.,-99.0,-99.0,-99.0,0.0,-99.0,N.A.,N.A.,-99.0,-99.0,-99.0,-99.0,-99.0,-99.0,-99.0,N.A.,-99.0,-99.0,-99.0,0.0,-99.0,N.A.,N.A.,313
314,1100.0,260.0,26.0,-99.0,-99.0,-99.0,-99.0,-99,-99.0,-99.0,-99.0,0,-99.0,N.A.,Dunham et al 2015,1300.0,3.45,0.13,-99.0,-99.0,13.35,0.37,0.28x0.19,-99.0,-99.0,-99.0,0.0,-99.0,ALMA,Cieza et al 2019,-99.0,-99.0,-99.0,-99.0,-99.0,-99.0,-99.0,N.A.,-99.0,-99.0,-99.0,0,-99.0,N.A,N.A.,-99.0,-99.0,-99.0,-99.0,-99.0,-99.0,-99.0,N.A.,-99.0,-99.0,-99.0,-99.0,-99.0,N.A.,N.A.,-99.0,-99.0,-99.0,-99.0,-99.0,-99.0,-99.0,N.A.,-99.0,-99.0,-99.0,0.0,-99.0,N.A.,N.A.,-99.0,-99.0,-99.0,-99.0,-99.0,-99.0,-99.0,N.A.,-99.0,-99.0,-99.0,0.0,-99.0,N.A.,N.A.,-99.0,-99.0,-99.0,-99.0,-99.0,-99.0,-99.0,N.A.,-99.0,-99.0,-99.0,0.0,-99.0,N.A.,N.A.,314
317,850.0,45.0,5.0,-99.0,-99.0,-99.0,-99.0,14.6,-99.0,-99.0,-99.0,0,-99.0,SCUBA-2,Kim et al 2016,-99.0,-99.0,-99.0,-99.0,-99.0,-99.0,-99.0,N.A.,-99.0,-99.0,-99.0,0.0,-99.0,N.A.,N.A.,-99.0,-99.0,-99.0,-99.0,-99.0,-99.0,-99.0,N.A.,-99.0,-99.0,-99.0,0,-99.0,N.A.,N.A.,-99.0,-99.0,-99.0,-99.0,-99.0,-99.0,-99.0,N.A.,-99.0,-99.0,-99.0,-99.0,-99.0,N.A.,N.A.,-99.0,-99.0,-99.0,-99.0,-99.0,-99.0,-99.0,N.A.,-99.0,-99.0,-99.0,0.0,-99.0,N.A.,N.A.,-99.0,-99.0,-99.0,-99.0,-99.0,-99.0,-99.0,N.A.,-99.0,-99.0,-99.0,0.0,-99.0,N.A.,N.A.,-99.0,-99.0,-99.0,-99.0,-99.0,-99.0,-99.0,N.A.,-99.0,-99.0,-99.0,0.0,-99.0,N.A.,N.A.,317
318,350.0,356.0,8.6,84.0,9.0,356.0,8.6,10,-99.0,29.2,15.4,1,-99.0,CSO,Palau et al 2012,870.0,420.0,-99.0,100.0,-99.0,-99.0,-99.0,18,-99.0,-99.0,-99.0,-99.0,-99.0,-99.,Palau et al. 2012,-99.0,-99.0,-99.0,-99.0,-99.0,-99.0,-99.0,N.A.,-99.0,-99.0,-99.0,0,-99.0,N.A.,N.A.,-99.0,-99.0,-99.0,-99.0,-99.0,-99.0,-99.0,N.A.,-99.0,-99.0,-99.0,-99.0,-99.0,N.A.,N.A.,-99.0,-99.0,-99.0,-99.0,-99.0,-99.0,-99.0,N.A.,-99.0,-99.0,-99.0,0.0,-99.0,N.A.,N.A.,-99.0,-99.0,-99.0,-99.0,-99.0,-99.0,-99.0,N.A.,-99.0,-99.0,-99.0,0.0,-99.0,N.A.,N.A.,-99.0,-99.0,-99.0,-99.0,-99.0,-99.0,-99.0,N.A.,-99.0,-99.0,-99.0,0.0,-99.0,N.A.,N.A.,318
319,850.0,66.6,7.3,-99.0,-99.0,-99.0,-99.0,14.6,-99.0,-99.0,-99.0,0,-99.0,N.A.,Pokhrel2023,1100.0,200.0,20.0,-99.0,-99.0,-99.0,-99.0,31.,-99.0,-99.0,-99.0,0.0,-99.0,N.A.,Dunham et al. 2015,-99.0,-99.0,-99.0,-99.0,-99.0,-99.0,-99.0,N.A.,-99.0,-99.0,-99.0,0,-99.0,N.A.,N.A.,-99.0,-99.0,-99.0,-99.0,-99.0,-99.0,-99.0,N.A.,-99.0,-99.0,-99.0,-99.0,-99.0,N.A.,N.A.,-99.0,-99.0,-99.0,-99.0,-99.0,-99.0,-99.0,N.A.,-99.0,-99.0,-99.0,0.0,-99.0,N.A.,N.A.,-99.0,-99.0,-99.0,-99.0,-99.0,-99.0,-99.0,N.A.,-99.0,-99.0,-99.0,0.0,-99.0,N.A.,N.A.,-99.0,-99.0,-99.0,-99.0,-99.0,-99.0,-99.0,N.A.,-99.0,-99.0,-99.0,0.0,-99.0,N.A.,N.A.,319
320,1100.0,200.0,20.0,-99.0,-99.0,-99.0,-99.0,31,-99.0,-99.0,-99.0,0,-99.0,N.A.,Dunham et al. 2015,-99.0,-99.0,-99.0,-99.0,-99.0,-99.0,-99.0,N.A.,-99.0,-99.0,-99.0,0.0,-99.0,N.A.,N.A.,-99.0,-99.0,-99.0,-99.0,-99.0,-99.0,-99.0,N.A.,-99.0,-99.0,-99.0,0,-99.0,N.A.,N.A.,-99.0,-99.0,-99.0,-99.0,-99.0,-99.0,-99.0,N.A.,-99.0,-99.0,-99.0,-99.0,-99.0,N.A.,N.A.,-99.0,-99.0,-99.0,-99.0,-99.0,-99.0,-99.0,N.A.,-99.0,-99.0,-99.0,0.0,-99.0,N.A.,N.A.,-99.0,-99.0,-99.0,-99.0,-99.0,-99.0,-99.0,N.A.,-99.0,-99.0,-99.0,0.0,-99.0,N.A.,N.A.,-99.0,-99.0,-99.0,-99.0,-99.0,-99.0,-99.0,N.A.,-99.0,-99.0,-99.0,0.0,-99.0,N.A.,N.A.,320
321,850.0,482.5,0.0,-99.0,-99.0,-99.0,-99.0,14.6,-99.0,-99.0,-99.0,0,-99.0,N.A.,Pokhrel2023,-99.0,-99.0,-99.0,-99.0,-99.0,-99.0,-99.0,N.A.,-99.0,-99.0,-99.0,0.0,-99.0,N.A.,N.A.,-99.0,-99.0,-99.0,-99.0,-99.0,-99.0,-99.0,N.A.,-99.0,-99.0,-99.0,0,-99.0,N.A,N.A.,-99.0,-99.0,-99.0,-99.0,-99.0,-99.0,-99.0,N.A.,-99.0,-99.0,-99.0,-99.0,-99.0,N.A.,N.A.,-99.0,-99.0,-99.0,-99.0,-99.0,-99.0,-99.0,N.A.,-99.0,-99.0,-99.0,0.0,-99.0,N.A.,N.A.,-99.0,-99.0,-99.0,-99.0,-99.0,-99.0,-99.0,N.A.,-99.0,-99.0,-99.0,0.0,-99.0,N.A.,N.A.,-99.0,-99.0,-99.0,-99.0,-99.0,-99.0,-99.0,N.A.,-99.0,-99.0,-99.0,0.0,-99.0,N.A.,N.A.,321
325,810.0,366.0,4.6,264.0,1.15,366.0,4.6,0.59x0.42,-75.0,0.59,0.52,0,-75.0,ALMA,Kawabe et al 2018,835.0,327.0,1.4,245.0,0.39,327.0,1.4,0.64x0.46,-76.7,0.64,0.46,0.0,-77.0,ALMA,Kawabe et al. 2017,870.0,350.0,10.0,336.0,10.5,350.0,10.0,2.6x1.26,49.3,2.8,0.9,1,50.3,SMA,Kawabe et al 2018,1300.0,118.3,2.0,116.0,0.11,118.3,2.0,1.4x0.92,-81.1,1.4,0.92,0.0,-81.1,ALMA,Kawabe et al 2018,2000.0,84.0,24.0,84.0,24.0,-99.0,-99.0,5.2x13.4,-99.0,5.2,13.4,0.0,-99.0,NMA,Kawabe et al. 2018,3000.0,24.0,1.8,24.0,1.8,-99.0,-99.0,6.2x3.2,-99.0,6.2,3.2,0.0,-99.0,NMA,Kawabe et al. 2018,7300.0,0.608,0.065,0.443,0.038,0.608,0.065,0.32x0.15,11.4,0.32,0.15,0.0,11.4,JVLA,Kawabe et al 2018,325
326,1300.0,36.0,0.78,21.2,0.29,36.0,0.78,0.6x0.34,-89.27,0.6,0.34,0,-89.27,ALMA,Kawabe et al 2018,1300.0,37.9,1.1,35.8,0.29,37.9,1.1,1.4x0.92,-81.1,1.4,0.92,0.0,-81.1,ALMA,Kawabe et al 2018,3000.0,7.56,0.86,7.1,0.44,7.56,0.86,3.5x1.8,-71.0,3.5,1.8,0,-71.0,ALMA,Kawabe et al 2008,7300.0,0.114,0.0,0.114,0.0,-99.0,-99.0,0.32x0.15,11.4,0.32,0.15,0.0,11.4,JVLA,Kawabe et al 2018,-99.0,-99.0,-99.0,-99.0,-99.0,-99.0,-99.0,N.A.,-99.0,-99.0,-99.0,0.0,-99.0,N.A.,N.A.,-99.0,-99.0,-99.0,-99.0,-99.0,-99.0,-99.0,N.A.,-99.0,-99.0,-99.0,0.0,-99.0,N.A.,N.A.,-99.0,-99.0,-99.0,-99.0,-99.0,-99.0,-99.0,N.A.,-99.0,-99.0,-99.0,0.0,-99.0,N.A.,N.A.,326
327,450.0,99.18,0.0,99.18,0.0,-99.0,-99.0,9.6,-99.0,-99.0,-99.0,0,-99.0,SCUBA-2,Mowat et al 2017,850.0,7.05,0.0,7.05,0.0,-99.0,-99.0,14.1,-99.0,-99.0,-99.0,-99.0,-99.0,SCUBA-2,Mowat et al 2017,-99.0,-99.0,-99.0,-99.0,-99.0,-99.0,-99.0,N.A.,-99.0,-99.0,-99.0,0,-99.0,N.A.,N.A.,-99.0,-99.0,-99.0,-99.0,-99.0,-99.0,-99.0,N.A.,-99.0,-99.0,-99.0,-99.0,-99.0,N.A.,N.A.,-99.0,-99.0,-99.0,-99.0,-99.0,-99.0,-99.0,N.A.,-99.0,-99.0,-99.0,-99.0,-99.0,N.A.,N.A.,-99.0,-99.0,-99.0,-99.0,-99.0,-99.0,-99.0,N.A.,-99.0,-99.0,-99.0,0.0,-99.0,N.A.,N.A.,-99.0,-99.0,-99.0,-99.0,-99.0,-99.0,-99.0,N.A.,-99.0,-99.0,-99.0,0.0,-99.0,N.A.,N.A.,327
